"","i","con.e","con.se","tre.e","tre.se"
"1",1,221.165,43.734,122.75,30.658
"2",2,199.572,46.274,182.652,43.683
"3",3,129.454,42.381,239.286,38.06
"4",4,194.272,51.13,153.807,38.245
"5",5,246.181,35.762,179.554,45.3
"6",6,225.478,39.592,179.767,35.596
"7",7,160.901,39.478,166.961,44.314
"8",8,219.404,42.687,247.914,28.552
"9",9,172.23,37.657,249.348,33.358
"10",10,148.594,46.676,143.991,37.847
"11",11,135.312,38.461,244.261,36.039
"12",12,216.641,39.945,200.378,32.646
"13",13,294.959,38.296,232.416,37.647
"14",14,214.321,41.451,170.494,39.271
"15",15,174.384,38.487,209.832,40.464
"16",16,202.818,42.904,223.594,39.793
"17",17,164.436,44.598,130.269,39.857
"18",18,270.879,22.316,217.778,42.375
"19",19,173.514,42.788,175.928,42.745
"20",20,250.51,36.895,221.878,41.221
"21",21,229.934,38.682,200.329,41.37
"22",22,228.91,38.762,129.097,34.891
"23",23,132.683,41.083,255.597,43.559
"24",24,181.474,35.529,200.527,38.639
"25",25,161.383,47.625,188.006,42.263
"26",26,237.942,37.672,159.762,41.62
"27",27,84.524,4.593,53.076,12.336
"28",28,200.394,35.671,169.091,43.94
"29",29,176.29,27.567,215.486,45.829
"30",30,234.168,40.05,141.188,42.225
"31",31,125.457,36.485,159.366,38.139
"32",32,144.949,28.802,108.719,31.4
"33",33,223.835,45.932,185.577,43.54
"34",34,15.917,0,15.68,0.224
"35",35,176.533,43.931,252.817,46.606
"36",36,204.001,38.229,188.475,35.135
"37",37,234.071,49.14,211.87,40.789
"38",38,168.904,42.304,180.456,39.244
"39",39,239.61,39.543,178.794,40.43
"40",40,204.2,42.472,248.814,30.603
"41",41,185.513,39.33,251.937,39.453
"42",42,187.193,46.963,197.938,40.542
"43",43,223.917,44.358,187.628,41.556
"44",44,178.95,38.196,217.862,39.457
"45",45,171.745,36.643,163.187,39.051
"46",46,233.176,41.338,234.452,40.119
"47",47,193.27,31.858,169.377,44.011
"48",48,147.854,34.711,163.217,36.8
"49",49,217.039,32.49,173.617,49.628
"50",50,215.079,38.184,239.483,29.058
"51",51,193.834,40.412,147.496,45.032
"52",52,153.12,37.551,246.344,43.069
"53",53,204.622,42.746,219.902,47.344
"54",54,228.397,42.871,187.243,46.833
"55",55,248.339,35.245,246.687,32.54
"56",56,202.408,36.518,182.328,41.14
"57",57,185.464,36.654,208.305,44.364
"58",58,180.383,41.62,143.209,34.306
"59",59,267.993,42.516,176.558,49.053
"60",60,199.062,43.484,228.668,40.618
"61",61,156.138,41.717,233.576,46.035
"62",62,186.425,44.542,204.552,45.734
"63",63,136.831,40.179,129.853,43.335
"64",64,123.387,35.516,176.229,45.14
"65",65,255.401,43.176,166.279,42.93
"66",66,140.104,34.014,172.938,40.433
"67",67,183.64,48.241,199.88,49.992
"68",68,201.071,42.563,259.151,27.255
"69",69,135.472,33.11,166.642,43.304
"70",70,183.099,43.013,186.465,37.652
"71",71,233.003,36.742,179.515,37.19
"72",72,204.342,38.418,200.694,48.455
"73",73,167.871,41.863,122.813,39.592
"74",74,230.114,36.448,148.453,43.239
"75",75,207.878,41.244,209.173,44.748
"76",76,139.73,40.776,176.022,40.801
"77",77,204.549,42.65,155.957,35.418
"78",78,189.588,42.133,252.135,37.593
"79",79,250.706,40.264,217.384,40.904
"80",80,128.282,37.372,220.929,41.929
"81",81,178.856,42.602,140.656,40.793
"82",82,207.057,38.785,232.212,39.804
"83",83,211.561,47.528,231.834,33.973
"84",84,213.43,46.185,189.527,29.914
"85",85,203.229,30.32,147.12,20.103
"86",86,229.859,39.627,180.348,48.876
"87",87,174.772,42.39,193.821,38.132
"88",88,154.672,35.933,155.472,43.823
"89",89,133.465,47.377,211.57,37.277
"90",90,168.047,42.838,164.05,36.315
"91",91,219.552,42.77,132.865,34.938
"92",92,192.329,44.905,173.971,43.259
"93",93,242.547,40.263,198.806,39.252
"94",94,218.883,38.824,196.997,46.107
"95",95,162.207,47.599,109.474,31.517
"96",96,163.215,39.478,165.234,49.087
"97",97,275.638,40.292,202.329,35.841
"98",98,106.866,35.859,157.558,31.87
"99",99,206.789,39.455,212.417,40.441
"100",100,214.987,40.159,212.602,40.841
"101",101,258.394,40.436,204.31,45.539
"102",102,146.472,30.053,150.989,31.56
"103",103,204.038,36.276,301.686,37.072
"104",104,95.451,30.249,211.572,40.277
"105",105,195.752,38.303,147.083,45.477
"106",106,228.577,40.163,253.268,38.259
"107",107,150.477,39.329,160.845,29.524
"108",108,248.927,41.169,151.783,39.712
"109",109,164.105,31.475,144.042,39.204
"110",110,149.692,37.277,234.793,40.317
"111",111,215.656,35.742,174.867,34.576
"112",112,212.074,41.765,261.753,37.587
"113",113,215.257,42.239,119.896,39.312
"114",114,197.481,46.675,175.82,48.454
"115",115,142.518,45.148,207.717,48.75
"116",116,104.269,32.417,202.08,44.2
"117",117,223.673,43.292,256.96,32.462
"118",118,187.275,38.711,139.281,37.519
"119",119,177.09,34.068,202.178,47.296
"120",120,231.572,36.287,121.834,34.675
"121",121,224.694,41.386,235.626,31.625
"122",122,186.814,44.784,175.89,37.245
"123",123,188.381,43.644,197.523,40.769
"124",124,61.001,7.337,69.83,5.56
"125",125,251.242,36.487,206.488,42.537
"126",126,183.869,45.166,133.859,37.529
"127",127,197.305,40.437,219.886,41.858
"128",128,212.99,36.712,190.925,37.219
"129",129,157.521,29.408,207.171,36.285
"130",130,153.505,41.923,274.141,34.505
"131",131,207.461,33.39,208.841,39.115
"132",132,234.084,41.209,121.533,40.293
"133",133,194.479,38.64,171.177,42.561
"134",134,240.762,36.567,191.313,39.829
"135",135,68.77,9.691,92.44,10.997
"136",136,187.854,43.253,160.271,33.295
"137",137,187.851,42.971,141.217,34.864
"138",138,291.791,36.679,269.941,37.025
"139",139,200.003,42.786,189.63,38.87
"140",140,168.992,45.137,196.563,47.35
"141",141,102.805,18.323,109.957,22.167
"142",142,125.797,37.385,215.908,43.908
"143",143,261.965,27.433,121.34,37.752
"144",144,233.574,43.752,181.488,48.258
"145",145,194.392,44.013,164.834,43.298
"146",146,225.03,44.951,229.434,39.48
"147",147,233.03,46.689,183.081,45.575
"148",148,196.235,40.637,160.899,45.381
"149",149,129.394,34.813,291.476,36.323
"150",150,201.983,40.401,163.719,42.153
"151",151,182.43,44.594,209.758,47.176
"152",152,183.142,44.006,186.92,32.111
"153",153,140.491,42.028,162.191,40.726
"154",154,132.985,39.514,243.798,46.212
"155",155,236.88,38.089,157.483,36.451
"156",156,255.755,34.854,235.36,32.348
"157",157,161.323,45.372,191.812,40.519
"158",158,265.09,27.279,225.303,34.73
"159",159,105.47,28.197,224.229,24.04
"160",160,140.862,38.832,253.334,38.934
"161",161,160.167,37.582,147.145,40.508
"162",162,165.134,41.494,222.486,43.873
"163",163,202.793,34.114,191.15,33.432
"164",164,104.427,35.211,197.301,37.333
"165",165,186.934,32.144,182.374,24.696
"166",166,223.513,40.332,245.633,34.725
"167",167,203.109,35.058,191.346,38.776
"168",168,216.348,44.031,141.704,37.585
"169",169,217.801,46.17,126.657,32.691
"170",170,150.442,36.772,123.33,38.908
"171",171,147.925,45.062,243.05,35.833
"172",172,169.85,41.558,214.435,45.348
"173",173,169.79,44.344,274.281,21.438
"174",174,130.706,38.844,223.492,38.336
"175",175,249.282,44.543,190.607,39.707
"176",176,225.349,48.806,205.239,43.769
"177",177,233.402,41.813,195.018,37.089
"178",178,208.026,35.289,224.236,40.379
"179",179,176.381,44.935,254.626,39.701
"180",180,158.506,38.596,230.193,37.362
"181",181,231.642,32.301,196.228,41.824
"182",182,189.912,35.025,179.04,48.439
"183",183,170.293,40.407,163.826,39.908
"184",184,219.14,42.91,218.997,39.518
"185",185,143.266,33.357,217.166,45.163
"186",186,170.834,40.71,222.841,42.599
"187",187,207.691,43.437,172.893,44.247
"188",188,213.942,38.403,231.681,44.728
"189",189,210.741,43.958,209.209,42.234
"190",190,147.236,38.492,224.95,36.671
"191",191,115.206,26.509,140.215,29.476
"192",192,166.288,38.806,244.167,40.884
"193",193,240.951,47.545,264.226,37.552
"194",194,248.515,36.208,166.726,36.01
"195",195,120.38,42.501,202.173,42.611
"196",196,212.132,41.691,156.923,44.002
"197",197,183.049,38.645,146.123,47.069
"198",198,185.586,45.905,266.151,35.958
"199",199,163.533,36.135,226.75,45.799
"200",200,250.869,36.726,177.852,47.116
"201",201,227.396,38.366,219.478,39.23
"202",202,181.952,42.219,166.847,42.532
"203",203,190.836,40.97,218.08,43.834
"204",204,240.215,38.367,264.63,28.014
"205",205,149.595,29.608,178.257,35.145
"206",206,174.886,41.454,185.583,43.094
"207",207,168.671,45.457,218.424,46.16
"208",208,138.656,38.106,168.419,35.034
"209",209,245.11,17.697,150.544,32.075
"210",210,245.448,37.047,201.064,38.59
"211",211,201.402,42.235,231.602,33.659
"212",212,166.191,47.493,231.677,35.012
"213",213,219.655,35.331,220.748,40.062
"214",214,186.15,31.271,255.008,36.057
"215",215,107.16,28.308,123.422,23.914
"216",216,199.464,38.595,206.762,36.833
"217",217,136.529,37.042,224.709,47.642
"218",218,192.6,37.577,152.388,37.942
"219",219,275.295,40.282,140.569,45.026
"220",220,165.57,38.622,152.669,49.089
"221",221,205.228,46.017,248.402,35.312
"222",222,223.426,46.2,212.9,45.34
"223",223,110.724,31.069,136.23,21.6
"224",224,194.337,47.255,215.678,43.598
"225",225,180.659,38.362,192.004,37.277
"226",226,219.412,35.499,227.955,41.781
"227",227,208.614,45.381,256.106,42.974
"228",228,226.092,42.852,196.539,44.563
"229",229,233.539,40.276,202.243,48.176
"230",230,184.922,33.194,291.693,32.137
"231",231,221.06,40.968,184.495,34.445
"232",232,227.944,40.768,143.317,36.935
"233",233,220.027,38.662,207.179,41.589
"234",234,128.596,16.407,121.778,14.686
"235",235,165,33.626,167.372,30.756
"236",236,219.943,39.259,195.431,31.952
"237",237,178.361,39.394,186.475,46.203
"238",238,279.745,39.658,272.074,33.387
"239",239,204.752,50.612,175.254,26.525
"240",240,177.154,40.055,157.671,37.043
"241",241,214.532,38.679,208.812,36.182
"242",242,254.772,34.532,192.747,37.169
"243",243,161.29,47.717,205.028,49.586
"244",244,184.085,43.092,245.689,37.326
"245",245,166.54,36.118,195.877,45.973
"246",246,174.954,39.851,166.886,34.845
"247",247,144.743,42.272,219.661,41.069
"248",248,192.334,40.869,274.271,38.763
"249",249,228.924,43.929,237.845,41.45
"250",250,107.949,40.237,205.683,41.266
"251",251,160.159,43.945,176.791,39.824
"252",252,182.11,45.936,178.722,42.651
"253",253,124.766,32.453,241.02,29.433
"254",254,143.423,25.532,156.723,28.85
"255",255,202.274,38.742,206.481,49.072
"256",256,207.645,37.023,118.104,36.869
"257",257,192.753,44.378,182.4,28.205
"258",258,209.408,35.678,159.35,41.93
"259",259,107.41,36.291,188.706,45.219
"260",260,157.718,39.168,205.97,39.674
"261",261,153.439,43.049,133.208,38.827
"262",262,172.382,43.46,182.275,38.764
"263",263,128.141,30.098,208.58,37.166
"264",264,124.515,30.876,192.577,40.096
"265",265,175.672,33.914,155.522,42.227
"266",266,187.437,42.566,152.009,41.036
"267",267,169.288,40.019,160.484,36.384
"268",268,229.187,33.088,146.561,34.269
"269",269,176.936,28.966,164.869,35.048
"270",270,183.861,34.992,167.114,42.124
"271",271,164.278,34.212,194.101,36.877
"272",272,244.109,38.662,116.648,33.43
"273",273,214.903,43.561,173.179,43.248
"274",274,270.82,34.788,228.371,42.233
"275",275,149.218,43.491,204.787,38.345
"276",276,209.634,43.272,168.48,38.644
"277",277,181.186,44.122,184.418,40.795
"278",278,265.649,40.951,196.881,47.956
"279",279,237.257,39.861,195.518,40.829
"280",280,130.677,37.559,194.724,48.534
"281",281,258.839,35.107,220.662,43.264
"282",282,150.458,44.201,160.411,37.897
"283",283,133.762,41.791,208.843,40.655
"284",284,210.246,37.239,199.806,42.142
"285",285,171.733,37.376,195.333,36.318
"286",286,206.362,40.914,200.651,36.429
"287",287,253.924,33.371,108.777,35.03
"288",288,245.307,38.681,206.655,41.955
"289",289,181.643,36.022,193.567,43.787
"290",290,221.213,42.798,200.863,37.972
"291",291,224.97,41.266,194.632,36.32
"292",292,183.268,37.781,149.929,30.019
"293",293,92.704,23.759,200.272,28.91
"294",294,156.758,41.74,179.688,35.979
"295",295,183.143,43.003,189.88,34.084
"296",296,181.35,34.801,172.435,37.261
"297",297,172.119,37.741,174.961,41.27
"298",298,214.454,39.096,243.08,45.799
"299",299,241.423,46.103,177.072,39.183
"300",300,229.055,43.364,194.416,33.975
"301",301,227.134,30.406,233.157,43.54
"302",302,200.642,43.653,208.164,40.896
"303",303,126.566,32.256,257.891,38.746
"304",304,141.427,37.531,161.359,28.855
"305",305,219.448,45.225,195.292,41.406
"306",306,252.044,29.108,241.731,44.794
"307",307,185.803,44.117,176.957,40.941
"308",308,137.299,38.527,267.241,35.399
"309",309,177.085,47.685,202.637,42.497
"310",310,180.52,41.804,261.455,35.702
"311",311,205.515,40.02,154.166,48.256
"312",312,57.601,6.309,58.499,6.761
"313",313,182.495,40.722,231.176,28.785
"314",314,232.857,33.808,184.301,40.317
"315",315,212.954,40.981,161.579,32.069
"316",316,232.944,40.88,233.638,42.359
"317",317,199.821,36.639,209.553,46.627
"318",318,160.688,38.725,254.088,32.224
"319",319,206.59,32.569,123.215,41.901
"320",320,67.408,12.768,102.094,15.487
"321",321,124.107,29.053,139.012,29.919
"322",322,171.997,39.831,237.017,41.101
"323",323,188.422,41.042,176.429,37.539
"324",324,234.385,39.43,221.65,40.666
"325",325,208.82,43.401,172.196,44.52
"326",326,125.221,38.823,192.515,34.579
"327",327,202.755,41.679,237.492,39.295
"328",328,152.337,37.259,204.124,39.103
"329",329,243.675,32.926,232.749,34.534
"330",330,248.8,35.866,229.872,44.84
"331",331,244.778,39.117,114.685,36.037
"332",332,184.983,49.067,250.394,37.382
"333",333,183.881,42.873,268.735,31.069
"334",334,220.08,35.444,213.421,37.508
"335",335,170.24,40.053,183.046,47.284
"336",336,288.03,41.51,172.549,49.01
"337",337,237.622,43.611,149.959,41.463
"338",338,188.128,47.888,166.947,46.091
"339",339,169.132,43.285,165.435,41.497
"340",340,238.169,32.821,290.622,29.268
"341",341,235.799,46.479,161.964,43.242
"342",342,130.535,45.198,188.442,30.969
"343",343,200.432,40.547,194.908,43.615
"344",344,146.371,37.359,215.04,36.807
"345",345,177.801,43.774,169.125,49.971
"346",346,238.153,43.926,223.842,44.214
"347",347,186.391,40.795,149.862,44.646
"348",348,227.659,38.95,204.184,44.993
"349",349,223.481,50.073,242.343,35.596
"350",350,185.261,33.093,118.405,31.504
"351",351,181.158,35.362,247.096,44.251
"352",352,259.768,32.521,140.951,42.046
"353",353,211.302,44.044,144.132,37.161
"354",354,236.591,41.331,190.105,42.807
"355",355,218.859,46.803,232.27,35.472
"356",356,175.637,40.018,191.951,47.94
"357",357,221.894,47.387,206.013,43.047
"358",358,141.727,24.682,124.641,24.657
"359",359,260.438,30.705,172.339,41.835
"360",360,144.809,41.003,179.47,49.743
"361",361,223.762,35.148,118.095,39.797
"362",362,189.994,27.674,184.702,45.249
"363",363,152.632,37.698,178.881,39.42
"364",364,104.802,29.526,228.547,26.659
"365",365,269.213,36.018,201.175,40.692
"366",366,195.119,43.918,224.974,43.158
"367",367,214.985,43.146,189.145,41.714
"368",368,213.745,36.49,210.562,42.5
"369",369,143.37,36.053,220.182,39.662
"370",370,213.381,44.736,261.08,42.227
"371",371,173.732,36.692,256.622,30.699
"372",372,172.265,43.579,190.966,38.153
"373",373,204.628,40.774,122.912,35.73
"374",374,124.219,34.776,175.338,41.11
"375",375,268.591,30.701,262.145,35.591
"376",376,190.64,39.285,196.247,42.412
"377",377,245.079,33.63,196.904,41.275
"378",378,132.226,40.306,182.814,42.429
"379",379,246.776,39.982,179.855,40.521
"380",380,198.849,39.03,238.008,36.272
"381",381,182.464,35.825,213.764,44.07
"382",382,256.985,41.499,129.894,36.672
"383",383,179.238,46.916,165.3,44.236
"384",384,145.303,38.054,196.729,45.049
"385",385,202.725,42.586,127.189,39.628
"386",386,209.77,45.301,239.272,43.948
"387",387,202.747,31.959,227.016,30.162
"388",388,155.729,38.283,175.32,38.89
"389",389,216.241,42.649,171.384,41.867
"390",390,233.687,38.712,253.134,34.908
"391",391,114.833,35.663,158.737,45.139
"392",392,171.655,28.526,157.057,32.458
"393",393,215.549,35.486,258.974,39.215
"394",394,152.867,36.743,176.22,39.198
"395",395,243.531,47.124,260.317,40.717
"396",396,168.783,34.25,203.589,37.281
"397",397,292.766,42.084,251.478,39.629
"398",398,217.147,39.051,167.545,33.798
"399",399,209.887,44.288,195.698,43.377
"400",400,186.561,38.14,186.575,39.183
"401",401,203.459,39.918,178.194,33.591
"402",402,223.252,47.236,227.364,30.901
"403",403,317.026,27.24,271.916,36.716
"404",404,196.344,42.142,188.352,41.867
"405",405,135.031,42.502,165.536,49.632
"406",406,157.206,43.587,189.633,39.732
"407",407,136.748,32.513,194.567,38.53
"408",408,156.614,37.984,172.092,37.73
"409",409,246.974,33.011,171.72,43.487
"410",410,231.526,49.491,246.454,45.72
"411",411,230.924,39.917,185.426,33.007
"412",412,177.456,44.759,159.192,42.349
"413",413,174.35,45.05,140.059,36.916
"414",414,182.794,35.292,214.162,46.941
"415",415,182.888,42.798,285.362,38.002
"416",416,187.199,42.619,219.446,37.248
"417",417,183.95,41.197,171.354,41.833
"418",418,235.855,41.06,189.067,42.046
"419",419,159.399,36.653,239.847,47.341
"420",420,158.259,44.292,184.266,47.568
"421",421,187.343,37.352,212.847,33.679
"422",422,178.608,39.448,208.264,40.359
"423",423,171.575,48.82,179.67,47.628
"424",424,191.95,41.928,201.872,34.918
"425",425,194.163,27.872,108.198,24.35
"426",426,220.811,42.931,186.548,39.293
"427",427,162.662,44.955,202.815,38.603
"428",428,196.151,44.083,171.714,40.486
"429",429,217.518,45.458,185.611,41.253
"430",430,146.76,35.409,198.333,39.31
"431",431,306.35,35.081,224.681,42.914
"432",432,113.69,35.222,215.53,48.833
"433",433,140.571,39.897,212.156,42.532
"434",434,196.828,45.573,254.698,40.082
"435",435,201.594,45.24,138.348,37.971
"436",436,173.184,43.052,207.249,48.46
"437",437,161.23,38.003,207.772,37.491
"438",438,200.604,36.243,146.301,47.14
"439",439,145.464,31.883,128.449,30.114
"440",440,263.896,40.622,121.754,31.46
"441",441,163.409,39.838,170.856,45.34
"442",442,267.933,45.134,219.564,38.825
"443",443,182.952,42.452,236.71,41.95
"444",444,165.198,40.504,173.552,34.249
"445",445,193.366,46.031,183.094,42.456
"446",446,221.507,46.218,231.382,50.33
"447",447,182.303,42.847,132.836,38.868
"448",448,271.491,27.737,195.737,41.937
"449",449,145.467,31.668,148.114,37.836
"450",450,263.564,1.954,218.218,30.519
"451",451,123.914,40.16,236.219,34.448
"452",452,209.012,48.394,176.967,36.842
"453",453,277.374,24.522,181.665,31.27
"454",454,236.996,38.317,172.603,39.98
"455",455,200.481,39.064,189.325,42.386
"456",456,124.955,35.957,158.666,48.739
"457",457,138.793,31.104,109.117,32.566
"458",458,223.004,44.474,125.74,29.1
"459",459,219.927,43.243,194.528,45.027
"460",460,120.611,34.856,207.981,40.641
"461",461,183.59,37.964,161.334,36.929
"462",462,199.532,46.382,256.646,39.88
"463",463,193.23,46.655,186.97,37.516
"464",464,114.011,33.775,214.011,38.725
"465",465,216.243,46.058,152.116,47.865
"466",466,166.933,40.224,189.258,37.502
"467",467,136.936,38.209,233.332,42.97
"468",468,156.039,36.424,121.434,44.007
"469",469,116.498,39.555,192.86,41.849
"470",470,47.26,5.491,51.012,4.587
"471",471,153.1,31.131,89.675,20.791
"472",472,191.973,41.767,228.016,36.196
"473",473,282.743,37.034,211.589,43.892
"474",474,175.964,38.117,265.457,34.437
"475",475,191.992,41.543,187.601,44.423
"476",476,199.852,38.981,162.036,34.86
"477",477,165.823,46.723,230.313,43.134
"478",478,219.951,34.012,126.179,28.727
"479",479,230.994,40.893,227.174,39.778
"480",480,166.055,30.053,219.675,42.015
"481",481,173.086,46.235,205.362,42.009
"482",482,184.994,34.856,127.891,34.389
"483",483,256.136,38.636,222.967,44.431
"484",484,224.891,34.911,144.43,31.15
"485",485,249.573,37.558,131.796,37.762
"486",486,262.532,32.179,228.715,45.395
"487",487,139.159,36.073,175.225,39.158
"488",488,215.032,37.915,189.644,36.939
"489",489,111.672,33.129,203.501,38.788
"490",490,145.243,37.498,217.395,33.447
"491",491,189.598,51.258,201.051,50.391
"492",492,172.612,27.804,177.346,30.262
"493",493,49.218,1.055,47.63,2.541
"494",494,166.695,47.393,197.508,41.593
"495",495,159.283,45.57,171.251,47.516
"496",496,275.897,32.609,153.546,40.615
"497",497,190.238,36.108,183.48,37.26
"498",498,213.348,23.52,191.865,41.104
"499",499,225.415,44.575,226.882,41.204
"500",500,202.162,44.079,173.426,46.633
"501",501,276.304,28.678,171.466,44.834
"502",502,177.846,35.174,129.67,33.306
"503",503,169.331,42.308,248.11,38.509
"504",504,137.488,42.132,258.133,47.326
"505",505,142.818,42.13,131.313,36.682
"506",506,158.065,36.961,156.357,41.078
"507",507,93.462,33.718,141.447,33.413
"508",508,144.311,38.147,207.482,40.706
"509",509,235.916,42.433,245.107,45.415
"510",510,221.344,38.612,69.531,27.808
"511",511,220.865,44.826,230.715,45.607
"512",512,158.009,41.694,229.764,45.933
"513",513,223.141,39.283,230.999,39.852
"514",514,133.993,35.703,150.1,42.962
"515",515,192.16,41.18,190.937,36.193
"516",516,158.196,40.937,156.676,40.288
"517",517,203.961,44.761,197.391,37.809
"518",518,125.807,43.467,245.152,38.039
"519",519,229.457,41.345,220.728,39.307
"520",520,276.453,37.309,236.208,38.686
"521",521,179.62,33.629,252.693,37.759
"522",522,244.362,41.031,245.288,40.164
"523",523,255.145,43.463,139.725,46.442
"524",524,158.02,37.577,270.985,30.253
"525",525,148.999,38.299,193.858,36.356
"526",526,177.337,46.719,221.608,40.685
"527",527,206.09,43.634,208.324,41.392
"528",528,141.672,39.025,147.61,31.924
"529",529,234.494,47.783,148.201,32.757
"530",530,238.186,35.82,261.061,43.773
"531",531,154.35,23.865,159.137,40.422
"532",532,188.339,41.401,193.623,45.109
"533",533,195.114,36.293,163.553,33.045
"534",534,181.914,44.636,155.653,36.578
"535",535,134.245,36.419,209.968,41.522
"536",536,217.757,39.382,191.882,44.994
"537",537,253.677,36.795,212.11,43.818
"538",538,197.846,39.896,233.296,39.55
"539",539,214.51,37.384,174.733,46.743
"540",540,109.972,30.746,173.569,31.64
"541",541,170.949,41.668,205.553,45.171
"542",542,193.602,45.188,223.044,35.447
"543",543,218.546,47.546,206.875,38.976
"544",544,246.12,34.373,237.672,32.404
"545",545,177.274,47.662,229.851,37.236
"546",546,75.181,23.465,87.49,19.857
"547",547,175.552,39.388,224.764,44.086
"548",548,177.305,48.041,139.823,34.917
"549",549,238.969,41.925,216.901,46.668
"550",550,149.592,13.462,151.58,15.729
"551",551,175.581,38.979,209.236,33.49
"552",552,162.077,43.329,176.375,48.337
"553",553,183.209,44.415,222.92,42.375
"554",554,228.8,34.819,257.652,36.072
"555",555,183.466,38.526,141.27,30.43
"556",556,162.05,42.06,204.853,43.967
"557",557,222.313,38.042,174.283,42.155
"558",558,157.465,42.649,223.127,48.08
"559",559,324.078,23.061,204.052,43.723
"560",560,207.768,45.871,159.324,42.375
"561",561,195.208,34.533,156.738,42.811
"562",562,207.586,41.097,219.727,43.173
"563",563,238.017,39.953,138.5,38.133
"564",564,195.736,43.833,110.845,35.445
"565",565,125.87,38.35,217.075,40.842
"566",566,124.341,37.151,115.362,24.048
"567",567,241.251,41.141,238.97,37.605
"568",568,158.636,45.969,170.165,38.083
"569",569,252.959,32.888,283.514,21.39
"570",570,192.065,24.649,115.23,26.595
"571",571,161.948,37.059,192.319,41.524
"572",572,210.42,41.49,232.679,38.529
"573",573,191.485,42.247,245.171,39.387
"574",574,170.788,42.179,194.272,42.005
"575",575,196.458,32.472,231.862,40.49
"576",576,194.293,45.939,206.221,45.906
"577",577,152.055,48.311,162.858,45.689
"578",578,143.641,33.429,204.34,42.542
"579",579,192.644,42.514,148.437,43.522
"580",580,244.433,43.454,200.445,31.403
"581",581,141.878,21.826,174.777,31.837
"582",582,161.277,38.658,172.938,37.112
"583",583,172.731,43.766,229.589,41.519
"584",584,193.24,38.663,270.688,28.665
"585",585,201.852,41.937,183.574,36.695
"586",586,112.186,26.495,216.658,26.527
"587",587,173.152,35.092,164.356,45.231
"588",588,163.901,35.372,205.3,39.653
"589",589,270.182,35.128,187.441,40.344
"590",590,145.772,33.86,180.713,28.351
"591",591,220.228,46.947,129.035,40.015
"592",592,162.364,32.976,231.889,42.984
"593",593,208.611,43.489,215.805,38.169
"594",594,122.34,34.963,214.553,38.148
"595",595,190.666,42.197,248.512,42.016
"596",596,187.497,46.773,124.714,33.977
"597",597,127.827,29.264,142.67,38.107
"598",598,165.779,41.177,217.173,46.369
"599",599,132.57,42.223,233.194,41.982
"600",600,197.224,44.714,199.186,44.943
"601",601,133.702,38.402,170.268,37.108
"602",602,231.132,40.35,171.058,42.171
"603",603,237.212,41.49,194.086,39.767
"604",604,146.08,37.407,194.27,44.557
"605",605,246.599,39.337,167.424,50.202
"606",606,201.686,36.325,138.499,37.205
"607",607,187.671,36.534,171.053,38.175
"608",608,171.657,38.814,198.155,43.152
"609",609,188.421,41.459,207.309,45.14
"610",610,129.055,34.186,188.644,40.458
"611",611,152.236,42.527,203.451,37.512
"612",612,192.929,43.52,188.659,46.633
"613",613,205.704,36.951,193.669,42.12
"614",614,194.908,37.51,252.61,30.39
"615",615,242.854,44.199,150.066,36.956
"616",616,154.99,36.491,273.979,35.139
"617",617,154.64,39.721,213.33,41.898
"618",618,196.831,39.595,222.142,35.544
"619",619,248.41,35.101,286.699,24.345
"620",620,221.726,38.564,217.477,43.247
"621",621,157.24,43.634,203.963,45.984
"622",622,178.536,40.082,196.442,43.197
"623",623,213.161,45.241,262.299,37.378
"624",624,146.659,41.949,187.887,40.863
"625",625,265.588,45.93,192.899,37.867
"626",626,126.911,39.497,296.101,26.353
"627",627,219.923,42.651,255.873,37.269
"628",628,247.86,36.644,195.721,39.313
"629",629,160.11,28.991,76.18,23.245
"630",630,284.286,35.051,204.207,38.932
"631",631,204.815,39.892,160.103,35.99
"632",632,204.189,44.666,274.54,30.497
"633",633,200.082,39.773,229.721,42.51
"634",634,110.426,31.273,208.067,43.603
"635",635,227.858,39.23,201.97,42.144
"636",636,197.201,50.002,123.59,39.914
"637",637,303.508,29.784,186.981,35.476
"638",638,207.269,37.402,184.345,40.551
"639",639,226.239,46.447,228.425,38.801
"640",640,83.144,20.53,142.67,17.272
"641",641,196.029,42.986,193.088,40.619
"642",642,190.28,40.08,147.127,36.755
"643",643,209.427,45.167,136.155,44.929
"644",644,177.238,22.359,193.602,22.234
"645",645,141.282,38.874,183.657,38.604
"646",646,153.33,40.134,214.619,48.419
"647",647,209.639,33.444,158.129,36.287
"648",648,243.272,27.266,215.301,47.736
"649",649,200.927,28.907,150.898,36.198
"650",650,203.067,42.174,223.759,35.396
"651",651,209.048,44.806,230.241,42.786
"652",652,196.55,41.889,212.742,36.845
"653",653,186.767,40.558,195.353,43.445
"654",654,246.807,39.249,191.151,42.168
"655",655,182.275,32.773,242.696,41.806
"656",656,242.557,35.435,186.869,43.421
"657",657,206.089,35.186,147.584,33.031
"658",658,207.168,40.129,169.305,38.233
"659",659,202.228,41.522,243.841,44.152
"660",660,138.665,39.289,225.664,47.173
"661",661,163.728,37.715,214.364,40.089
"662",662,93.27,30.34,154.946,31.721
"663",663,228.658,40.187,154.437,45.799
"664",664,203.272,45.956,208.476,41.984
"665",665,156.366,30.285,142.188,38.641
"666",666,215.663,44.087,195.346,42.627
"667",667,193.651,46.526,234.887,32.757
"668",668,224.981,35.405,160.902,41.318
"669",669,211.286,39.892,199.065,40.018
"670",670,119.558,38.42,226.954,43.806
"671",671,159.095,43.838,190.278,42.668
"672",672,208.049,42.631,167.133,38.281
"673",673,181.472,41.223,194.917,44.105
"674",674,230.77,41.853,162.043,42.345
"675",675,176.589,38.214,209.611,39.29
"676",676,191.844,50.328,149.774,44.813
"677",677,154.371,46.549,234.022,41.977
"678",678,217.982,42.028,199.167,29.57
"679",679,201.05,41.331,185.378,40.039
"680",680,129.57,39.497,215.799,43.705
"681",681,220.015,32.588,202.805,50.953
"682",682,244.672,42.539,230.806,39.946
"683",683,138.809,36.946,161.415,44.186
"684",684,197.028,37.605,257.826,41.502
"685",685,149.198,39.616,204.978,38.937
"686",686,287.065,40.877,179.408,40.234
"687",687,131.805,35.754,203.181,50.68
"688",688,166.628,39.571,217.314,47.086
"689",689,244.682,41.383,190.401,42.136
"690",690,94.618,29.1,178.472,37.385
"691",691,144.946,23.578,160.624,35.49
"692",692,220.03,35.446,131.444,39.296
"693",693,208.863,40.567,266.008,32.689
"694",694,233.406,48.229,156.299,30.338
"695",695,222.908,39.898,112.897,39.445
"696",696,138.019,33.088,196.681,46.093
"697",697,185.646,46.051,282.53,36.826
"698",698,126.673,33.705,214.746,41.324
"699",699,119.981,35.431,148.632,45.146
"700",700,208.987,40.594,203.266,44.061
"701",701,209.092,38.554,131.108,35.081
"702",702,198.414,46.818,150.683,44.944
"703",703,170.124,41.164,136.357,42.228
"704",704,219.2,46.595,154.948,37.59
"705",705,157.796,43.477,186.413,34.317
"706",706,177.3,44.543,184.222,37.644
"707",707,169.463,32.689,67.256,32.828
"708",708,230.808,38.986,159.797,41.618
"709",709,199.425,44.64,189.927,48.86
"710",710,197.546,44.191,251.178,37.923
"711",711,180.474,47.661,190.82,46.955
"712",712,210.229,40.534,180.784,35.696
"713",713,190.952,43.279,148.865,30.381
"714",714,113.402,32.715,251.727,31.632
"715",715,240.1,34.491,155.455,41.882
"716",716,224.873,39.684,168.994,43.129
"717",717,188.611,38.728,225.26,33.818
"718",718,149.312,39.696,232.323,33.951
"719",719,179.121,44.532,198.323,45.749
"720",720,78.725,30.039,180.341,36.492
"721",721,185.931,46.026,251.591,35.248
"722",722,197.108,47.943,193.618,43.945
"723",723,266.66,35.976,233.187,46.757
"724",724,205.331,42.413,148.35,38.743
"725",725,195.255,46.346,204.552,45.483
"726",726,115.797,28.688,185.47,31.651
"727",727,302.917,27.334,184.331,43.322
"728",728,235.848,39.681,151.855,45.402
"729",729,186.259,45.438,118.133,29.515
"730",730,194.591,34.672,121.926,30.143
"731",731,225.202,40.708,157.695,43.697
"732",732,200.632,45.335,195.495,46.811
"733",733,198.842,20.253,167.144,27.197
"734",734,178.55,46.315,179.326,33.544
"735",735,166.519,32.496,165.414,34.983
"736",736,243.736,36.954,212.33,42.604
"737",737,165.459,38.718,167.411,35.92
"738",738,157.585,29.241,115.855,29.997
"739",739,189.421,37.142,194.639,32.288
"740",740,175.557,36.761,202.829,36.186
"741",741,184.951,43.647,231.392,41.613
"742",742,190.803,41.535,280.019,39.863
"743",743,174.045,41.38,208.746,49.696
"744",744,226.874,49.692,224.383,36.601
"745",745,165.273,43.402,175.027,37.345
"746",746,155.349,41.982,210.272,41.007
"747",747,176.256,48.903,220.683,45.774
"748",748,233.949,44.217,196.177,41.621
"749",749,211.424,48.183,218.906,33.214
"750",750,137.673,41.113,146.714,45.071
"751",751,257.415,29.054,166.155,30.729
"752",752,145.052,46.203,223.075,42.18
"753",753,184.106,36.277,192.907,36.571
"754",754,228.297,37.683,160.761,38.164
"755",755,202.95,39.893,217.631,45.454
"756",756,99.771,34.515,228.519,40.776
"757",757,230.955,37.47,243.776,39.963
"758",758,190.214,32.514,273.732,37.482
"759",759,237.646,39.348,180.504,41.147
"760",760,197.06,44.886,152.945,38.181
"761",761,231.354,38.317,153.491,47.951
"762",762,189.692,36.549,197.14,33.251
"763",763,184.58,45.582,239.554,40.985
"764",764,119.778,37.129,261.8,44.005
"765",765,156.841,45.358,178.359,45.005
"766",766,224.21,52.621,165.949,43.394
"767",767,162.408,40.761,208.132,46.283
"768",768,202.932,32.808,171.807,37.527
"769",769,224.603,34.505,212.022,39.806
"770",770,211.06,42.611,239.165,37.791
"771",771,261.454,35.224,185.422,39.28
"772",772,201.252,36.66,148.889,38.662
"773",773,310.652,33.701,194.733,42
"774",774,214.779,35.024,146.603,33.05
"775",775,195.999,24.013,245.929,31.284
"776",776,128.027,38.957,284.939,38.847
"777",777,188.508,44.984,192.451,46.263
"778",778,203.29,37.925,216.624,41.24
"779",779,149.818,38.528,200.15,41.637
"780",780,163.26,28.974,167.752,38.92
"781",781,182.26,47.175,169.95,44.853
"782",782,155.205,36.922,177.981,42.839
"783",783,103.544,33.014,229.945,40.228
"784",784,209.481,45.005,188.94,40.771
"785",785,219.317,45.374,164.545,32.256
"786",786,204.844,50.775,159.931,39.151
"787",787,201.292,46.061,244.486,27.284
"788",788,154.175,38.827,194.391,46.89
"789",789,228.515,51.41,208.618,45.271
"790",790,211.802,41.86,218.258,31.965
"791",791,209.03,36.025,191.901,40.949
"792",792,227.68,37.733,225.369,32.377
"793",793,226.896,40.258,207.581,42.564
"794",794,72.866,7.164,53.477,11.516
"795",795,181.652,29.3,243.69,46.367
"796",796,212.581,40.503,180.764,37.855
"797",797,138.254,47.496,187.306,41.472
"798",798,168.222,30.386,195.234,23.813
"799",799,195.817,40.109,185.39,39.955
"800",800,109.516,40.611,202.81,45.203
"801",801,127.709,34.087,223.61,42.858
"802",802,120.72,36.577,121.923,39.465
"803",803,152.479,32.946,257.456,30.031
"804",804,204.192,44.875,181.005,40.056
"805",805,152.643,39.673,183.261,36.495
"806",806,226.823,45.518,260.379,35.295
"807",807,183.858,29.613,199.418,43.505
"808",808,246.659,45.671,165.635,33.531
"809",809,217.942,38.533,218.736,41.286
"810",810,181.098,33.234,285.549,29.025
"811",811,172.487,39.201,192.052,33.136
"812",812,138.629,43.358,242.642,41.778
"813",813,280.242,19.515,206.25,40.217
"814",814,190.727,45.01,280.56,27.406
"815",815,194.848,51.279,248.478,41.044
"816",816,240.731,42.411,203.969,40.227
"817",817,171.721,43.833,175.611,42.583
"818",818,172.525,40.277,187.368,44.113
"819",819,178.838,42.61,145.203,38.564
"820",820,272.346,33.538,211.568,48.173
"821",821,242.091,31.867,230.503,32.187
"822",822,201.057,35.413,169.646,35.988
"823",823,194.23,32.914,147.738,46.191
"824",824,246.012,38.413,228.369,41.343
"825",825,179.851,37.036,211.867,33.564
"826",826,229.894,40.358,193.052,42.732
"827",827,150.544,37.531,181.022,42.144
"828",828,204.714,37.41,91.338,32.522
"829",829,204.369,39.911,197.19,44.691
"830",830,243.282,37.6,226.363,44.676
"831",831,163.141,46.047,161.62,48.639
"832",832,140.122,22.237,56.604,20.808
"833",833,228.522,39.148,180.897,41.775
"834",834,210.798,37.119,269.919,32.502
"835",835,182.89,46.531,218.403,47.459
"836",836,186.096,39.574,237.963,36.163
"837",837,253.235,31.875,199.041,34.941
"838",838,162.887,45.168,244.539,39.397
"839",839,215.1,41.934,241.477,41.682
"840",840,186.947,37.358,219.575,42.774
"841",841,155.62,33.401,223.035,43.9
"842",842,229.685,44.999,164.877,42.251
"843",843,221.861,38.427,238.278,40.072
"844",844,150.683,37.538,253.84,37.663
"845",845,133.313,40.178,175.745,42.796
"846",846,204.17,43.093,229.239,39.663
"847",847,233.934,44.673,157.357,45.571
"848",848,287.224,35.642,265.665,36.99
"849",849,137.183,35.297,246.115,41.972
"850",850,224.238,45.741,200.052,43.043
"851",851,139.892,40.392,205.839,35.705
"852",852,271.592,32.907,142.287,40.734
"853",853,196.815,44.61,235.873,32.116
"854",854,230.993,32.043,203.328,37.698
"855",855,197.653,39.463,206.116,39.009
"856",856,144.262,37.678,167.499,36.342
"857",857,203.292,45.808,149.785,37.594
"858",858,189.546,48.591,222.522,48.026
"859",859,177.845,42.872,195.865,42.78
"860",860,184.354,42.128,176.22,35.918
"861",861,202.495,44.601,188.206,38.071
"862",862,216.222,46.699,222.485,34.355
"863",863,177.553,33.315,155.42,35.511
"864",864,237.474,39.975,195.211,35.211
"865",865,142.804,45.789,214.608,40.744
"866",866,107.726,38.43,294.38,41.555
"867",867,173.19,41.392,231.245,41.137
"868",868,195.718,37.755,198.484,40.091
"869",869,142.974,41.312,189.841,41.071
"870",870,200.822,44.643,215.428,47.441
"871",871,241.289,39.814,246.945,40.039
"872",872,185.625,43.391,213.953,39.998
"873",873,245.216,29.224,161.625,39.543
"874",874,235.303,45.381,196.427,49.335
"875",875,175.487,43.846,218.422,40.926
"876",876,247.373,37.991,210.592,40.726
"877",877,187.156,41.929,142.325,37.527
"878",878,245.574,40.852,176.404,42.089
"879",879,307.21,35.954,153.315,36.27
"880",880,261.405,41.609,270.403,37.567
"881",881,206.202,35.05,212.335,47.797
"882",882,205.473,44.514,178.498,43.012
"883",883,244.953,45.503,158.126,39.271
"884",884,143.671,43.018,241.614,42.663
"885",885,237.557,48.377,106.882,34.009
"886",886,163.4,34.706,163.564,38.657
"887",887,226.14,45.192,249.706,39.338
"888",888,184.687,31.027,217.036,39.727
"889",889,178.074,39.325,183.056,35.781
"890",890,78.765,17.592,128.845,19.107
"891",891,218.431,35.321,233.683,46.986
"892",892,211.673,36.823,249.207,45.546
"893",893,159.006,33.275,217.769,35.811
"894",894,183.296,46.347,187.566,46.287
"895",895,210.589,37.134,239.581,40.348
"896",896,229.046,38.595,231.607,39.217
"897",897,181.442,34.516,130.168,41.123
"898",898,204.121,42.731,188.966,38.537
"899",899,182.021,42.804,268.017,43.246
"900",900,269.793,37.207,181.882,36.974
"901",901,192.233,41.071,234.102,42.39
"902",902,218.966,46.467,221.882,36.777
"903",903,99.414,28.822,194.208,38.451
"904",904,176.188,48.529,148.229,39.584
"905",905,156.769,37.155,178.628,35.85
"906",906,134.998,39.163,168.795,39.534
"907",907,151.005,32.35,154.071,25.226
"908",908,285.587,37.05,271.72,39.181
"909",909,174.752,43.228,197.227,31.603
"910",910,161.529,45.357,175.368,45.427
"911",911,129.911,30.774,144.962,31.604
"912",912,255.296,41.364,247.969,47.964
"913",913,236.361,42.567,215.975,31.397
"914",914,199.392,51.601,174.935,34.921
"915",915,210.207,36.246,206.668,40.557
"916",916,90.143,26.138,216.726,15.764
"917",917,222.465,44.654,122.396,41.424
"918",918,182.837,43.123,253.87,38.549
"919",919,256.545,41.152,220.993,44.301
"920",920,193.425,30.245,156.67,25.942
"921",921,236.986,42.832,210.72,39.272
"922",922,205.41,45.516,134.528,37.459
"923",923,212.325,47.514,238.057,28.689
"924",924,214.47,37.064,143.556,39.986
"925",925,207.995,32.642,281.362,35.407
"926",926,190.723,46.655,227.436,39.16
"927",927,100.073,22.13,182.586,22.622
"928",928,278.11,29.915,203.346,35.523
"929",929,183.879,49.794,252.195,19.251
"930",930,278.052,32.732,160.441,46.496
"931",931,164.971,41.236,201.62,40.796
"932",932,189.261,44.2,186.213,41.072
"933",933,136.267,33.316,188.462,37.501
"934",934,246.926,37.758,183.695,36.044
"935",935,128.993,23.433,170.355,21.62
"936",936,176.504,49.326,221.023,40.728
"937",937,230.593,38.479,241.709,36.624
"938",938,145.951,41.267,140.76,40.137
"939",939,183.876,42.84,199.694,35.178
"940",940,257.83,40.39,152.996,45.047
"941",941,169.424,41.609,164.088,43.259
"942",942,212.545,43.553,176.829,39.956
"943",943,184.993,44.754,121.068,36.241
"944",944,205.811,39.538,231.733,50.35
"945",945,207.3,43.541,205.112,41.808
"946",946,149.301,42.19,207.867,48.873
"947",947,160.704,47.319,121.902,38.282
"948",948,208.048,42.104,248.633,41.466
"949",949,162.848,40.364,174.651,40.192
"950",950,277.469,35.938,279.775,36.025
"951",951,185.023,43.606,253.102,46.059
"952",952,177.33,41.508,177.536,41.682
"953",953,289.214,27.592,230.85,37.14
"954",954,205.786,39.52,181.906,45.502
"955",955,23.206,1.024,24.73,0
"956",956,182.357,47.377,212.842,37.915
"957",957,143.221,41.25,215.411,37.995
"958",958,205.712,33.985,216.738,40.6
"959",959,208.208,43.864,167.23,44.992
"960",960,244.422,35.693,195.401,45.16
"961",961,45.267,4.467,46.429,5.612
"962",962,178.185,45.516,183.129,41.559
"963",963,146.815,36.706,181.6,32.509
"964",964,226.522,37.36,267.237,38.343
"965",965,239.237,43.115,191.804,45.29
"966",966,153.444,35.403,325.99,17.122
"967",967,134.758,30.457,190.794,28.841
"968",968,189.101,30.586,149.487,25.752
"969",969,178.456,40.418,131.527,44.59
"970",970,110.367,29.156,222.039,41.494
"971",971,208.344,43.999,190.974,41.389
"972",972,225.433,46.905,196.329,36.934
"973",973,157.158,32.033,161.334,34.759
"974",974,193.404,41.794,155.893,39.913
"975",975,139.815,43.053,186.818,41.76
"976",976,223.191,48.44,218.273,44.624
"977",977,256.622,41.717,213.651,38.692
"978",978,180.854,32.132,221.999,44.016
"979",979,192.217,39.94,298.624,25.14
"980",980,224.768,46.904,286.016,33.691
"981",981,156.328,43.168,245.877,42.996
"982",982,146.842,39.464,271.498,38.297
"983",983,265.221,36.743,155.784,38.447
"984",984,265.94,29.154,228.291,41.979
"985",985,126.089,36.878,210.223,48.129
"986",986,234.682,37.936,122.543,29.452
"987",987,173.689,41.931,148.087,34.92
"988",988,197.367,47.113,177.557,48.043
"989",989,198.475,36.475,221.054,35.677
"990",990,163.284,42.822,154.99,36.749
"991",991,186.995,41.857,161.458,46.506
"992",992,246.268,44.189,193.71,44.971
"993",993,187.683,43.91,197.673,47.574
"994",994,209.38,44.955,199.028,38.068
"995",995,165.044,41.265,212.984,37.348
"996",996,176.585,42.025,159.975,41.716
"997",997,238.44,37.987,195.369,44.698
"998",998,195.054,37.664,229.703,42.885
"999",999,158.211,43.476,172.379,37.611
"1000",1000,195.956,42.134,208.556,46.628
"1001",1001,176.494,37.01,193.63,41.891
"1002",1002,190.886,38.66,173.039,42.687
"1003",1003,207.572,37.211,162.187,36.585
"1004",1004,188.013,32.458,132.548,44.036
"1005",1005,81.909,13.999,53.26,11.275
"1006",1006,179.333,34.148,154.589,45.945
"1007",1007,188.651,47.408,168.95,42.265
"1008",1008,165.088,36.825,167.361,39.694
"1009",1009,170.25,36.319,219.624,36.88
"1010",1010,138.269,33.876,133.279,37.563
"1011",1011,184.341,48.526,164.808,41.719
"1012",1012,114.072,28.292,126.163,34.205
"1013",1013,132.04,30.598,250.805,36.284
"1014",1014,202.365,42.571,178.591,43.897
"1015",1015,205.166,37.962,116.293,35.563
"1016",1016,164.007,36.21,140.214,44.87
"1017",1017,180.394,33.497,165.192,36.865
"1018",1018,202.629,50.184,252.624,45.234
"1019",1019,144,45.699,236.198,40.933
"1020",1020,151.992,37.104,215.808,39.959
"1021",1021,114.184,31.195,102.575,29.008
"1022",1022,134.784,31.891,162.016,34.591
"1023",1023,169.384,32.326,189.775,43.032
"1024",1024,144.642,29.92,119.64,30.565
"1025",1025,194.453,32.086,274.811,37.387
"1026",1026,154.221,46.404,202.713,38.685
"1027",1027,97.603,27.878,79.176,23.739
"1028",1028,138.482,35.295,176.227,30.927
"1029",1029,179.055,34.935,212.199,42.027
"1030",1030,180.538,35.514,220.453,41.648
"1031",1031,158.89,42.875,176.807,42.219
"1032",1032,118.989,41.397,198.169,50.815
"1033",1033,133.77,40.787,139.353,42.81
"1034",1034,122.79,33.403,164.122,43.664
"1035",1035,146.105,43.45,176.171,48.951
"1036",1036,166.829,48.888,199.35,42.817
"1037",1037,167.811,34.49,200.043,36.611
"1038",1038,245.268,30.542,165.704,40.445
"1039",1039,137.278,42.558,198.02,37.403
"1040",1040,222.759,36.79,138.149,30.969
"1041",1041,160.439,29.19,113.883,33.757
"1042",1042,158.582,42.091,215.974,41.871
"1043",1043,142.652,31.568,122.465,30.376
"1044",1044,212.095,39.409,120.469,28.631
"1045",1045,159.979,43.79,169.832,41.714
"1046",1046,150.415,34.441,177.595,41.614
"1047",1047,165.076,38.152,196.193,48.619
"1048",1048,231.41,35.003,147.424,26.697
"1049",1049,177.181,41.282,215.851,47.794
"1050",1050,123.171,33.005,168.024,36.078
"1051",1051,215.537,45.244,226.864,41.356
"1052",1052,191.694,36.953,151.706,36.511
"1053",1053,215.009,42.839,180.329,40.706
"1054",1054,165.854,42.331,193.894,40.231
"1055",1055,167.578,33.08,228.258,33.319
"1056",1056,180.89,39.807,184.435,38.744
"1057",1057,153.703,36.057,145.164,32.732
"1058",1058,168.488,37.014,128.997,34.88
"1059",1059,198.938,49.735,248.798,35.574
"1060",1060,225.442,43.396,249.581,33.933
"1061",1061,234.152,43.38,214.5,43.65
"1062",1062,230.352,37.922,139.841,40.287
"1063",1063,139.335,35.875,142.732,41.002
"1064",1064,208.27,42.986,171.473,43.856
"1065",1065,201.729,46.245,174.514,44.34
"1066",1066,99.513,23.674,170.417,19.818
"1067",1067,133.244,35.054,172.809,36.724
"1068",1068,132.672,38.907,97.758,34.956
"1069",1069,172.635,37.216,155.128,34.157
"1070",1070,185.348,39.315,120.537,36.85
"1071",1071,147.743,41.351,124.384,43.089
"1072",1072,185.387,46.13,123.096,34.709
"1073",1073,258.598,41.22,161.255,30.57
"1074",1074,158.78,36.501,174.412,41.275
"1075",1075,83.623,16.325,118.006,14.842
"1076",1076,158.205,27.34,197.833,47.416
"1077",1077,103.065,31.725,137.301,43.247
"1078",1078,205.483,39.166,100.084,30.262
"1079",1079,176.36,38.506,159.313,38.458
"1080",1080,110.512,43.258,126.352,34.987
"1081",1081,243.627,32.899,249.652,40.802
"1082",1082,199.82,38.548,200.961,39.68
"1083",1083,117.067,36.327,255.404,41.609
"1084",1084,148.461,45.557,210.791,40.785
"1085",1085,188.071,44.453,174.582,39.262
"1086",1086,146.166,40.922,143.507,49.017
"1087",1087,209.78,46.393,168.166,39.144
"1088",1088,183.406,35.522,158.107,46.867
"1089",1089,120.239,31.67,187.418,44.373
"1090",1090,133.917,30.218,177.034,30.731
"1091",1091,180.643,48.518,149.311,36.589
"1092",1092,221.466,37.646,168.011,41.356
"1093",1093,130.248,39.515,216.609,37.909
"1094",1094,141.139,30.122,122.047,41.296
"1095",1095,203.315,33.941,134.225,31.142
"1096",1096,130.308,37.775,165.863,32.951
"1097",1097,218.785,39.709,174.72,40.979
"1098",1098,171.365,34.57,171.235,37.16
"1099",1099,167.087,37.903,70.023,31.359
"1100",1100,199.484,37.893,139.251,44.139
"1101",1101,84.171,27.31,182.771,30.298
"1102",1102,184.624,39.573,158.029,31.767
"1103",1103,183.132,44.418,186.365,34.561
"1104",1104,171.938,33.296,173.363,36.962
"1105",1105,183.257,35.316,178.329,38.409
"1106",1106,184.115,42.655,107.635,39.462
"1107",1107,137.67,40.091,153.109,35.509
"1108",1108,233.807,37.475,186.522,39.237
"1109",1109,198.475,38.179,209.093,36.787
"1110",1110,110.244,39.677,173.753,41.528
"1111",1111,143.727,35.724,189.113,40.698
"1112",1112,114.667,23.447,143.331,27.769
"1113",1113,191.221,42.784,179.763,38.884
"1114",1114,199.444,41.392,209.605,47.865
"1115",1115,167.173,20.184,98.769,21.718
"1116",1116,162.461,44.233,150.962,40.042
"1117",1117,142.842,31.554,246.493,45.06
"1118",1118,197.416,37.354,111.058,33.173
"1119",1119,151.897,40.287,162.477,42.014
"1120",1120,183.342,32.236,131.616,30.742
"1121",1121,143.311,37.03,206.806,42.302
"1122",1122,91.919,24.701,114.341,26.601
"1123",1123,154.619,38.832,220.217,45.962
"1124",1124,170.941,36.545,202.455,39.809
"1125",1125,190.371,39.852,148.279,44.725
"1126",1126,151.398,36.992,180.893,29.973
"1127",1127,216.713,47.858,200.572,47.878
"1128",1128,142.946,44.26,229.086,45.045
"1129",1129,110.802,41.887,88.458,32.027
"1130",1130,119.481,29.44,167.081,36.408
"1131",1131,104.375,33.989,217.491,37.572
"1132",1132,163.854,37.796,206.91,43.539
"1133",1133,170.988,36.947,171.949,42.374
"1134",1134,162.045,47.088,191.138,39.201
"1135",1135,180.277,29.432,79.806,28.265
"1136",1136,121.001,35.445,213.752,44.895
"1137",1137,278.209,31.723,200.409,35.844
"1138",1138,181.896,40.218,206.315,41.943
"1139",1139,65.284,14.572,91.161,10.835
"1140",1140,142.014,36.67,141.241,34.679
"1141",1141,146.934,41.632,154.955,35.219
"1142",1142,275.259,42.54,140.827,36.462
"1143",1143,227.4,44.567,157.267,36.754
"1144",1144,154.074,33.988,207.471,41.459
"1145",1145,191.016,40.295,148.928,45.394
"1146",1146,132.959,24.279,168.145,28.197
"1147",1147,167.795,38.766,132.321,40.153
"1148",1148,170.944,28.581,84.312,33.795
"1149",1149,226.437,39.695,160.196,40.057
"1150",1150,164.498,38.522,155.544,43.622
"1151",1151,130.298,38.236,170.657,39.81
"1152",1152,140.763,27.486,127.195,28.972
"1153",1153,238.249,37.459,173.207,40.981
"1154",1154,174.982,37.319,254.703,43.349
"1155",1155,118.169,32.151,107.928,32.391
"1156",1156,200.777,45.878,167.897,38.193
"1157",1157,117.914,28.177,125.417,21.584
"1158",1158,161.677,44.504,135.556,42.82
"1159",1159,153.457,35.489,149.972,39.187
"1160",1160,158.968,24.605,82.863,21.441
"1161",1161,159.472,35.25,217.203,42.053
"1162",1162,141.93,38.376,99.227,34.59
"1163",1163,143.193,30.439,134.983,24.504
"1164",1164,127.365,29.974,134.555,36.679
"1165",1165,114.656,19.487,99.624,15.697
"1166",1166,204.711,34.398,150.052,34.21
"1167",1167,224.025,45.348,238.076,42.521
"1168",1168,232.146,38.437,224.781,45.32
"1169",1169,157.489,47.883,170.8,40.448
"1170",1170,149.019,42.045,164.817,43.154
"1171",1171,167.686,39.825,156.965,35.65
"1172",1172,177.195,44.735,144.44,47.344
"1173",1173,143.074,31.25,188.313,37.211
"1174",1174,233.388,37.129,102.629,36.087
"1175",1175,178.528,40.144,251.965,31.296
"1176",1176,181.327,44.903,139.337,38.158
"1177",1177,168.807,30.277,153.39,45.527
"1178",1178,167.731,42.848,244.8,40.566
"1179",1179,117.642,30.93,173.42,28.934
"1180",1180,137.238,37.449,170.963,41.708
"1181",1181,143.838,39.598,137.245,40.867
"1182",1182,172.127,37.352,229.641,37.43
"1183",1183,138.017,45.122,143.097,30.438
"1184",1184,240.476,39.711,197.69,49.474
"1185",1185,187.888,44.828,168.851,42.211
"1186",1186,126.752,38.938,152.761,38.683
"1187",1187,123.292,40.829,162.783,46.813
"1188",1188,237.849,39.385,259.232,46.871
"1189",1189,210.27,45.751,198.488,44.991
"1190",1190,126.501,35.471,227.029,45.094
"1191",1191,156.792,43.679,176.626,38.54
"1192",1192,132.01,37.673,99.694,29.489
"1193",1193,122.778,34.745,112.796,32.111
"1194",1194,180.454,40.934,129.445,40.013
"1195",1195,86.826,15.55,47.362,13.03
"1196",1196,151.109,44.503,194.182,45.574
"1197",1197,217.346,32.808,227.353,39.436
"1198",1198,173.311,37.866,120.164,34.749
"1199",1199,164.513,47.515,269.621,31.212
"1200",1200,157.155,44.739,162.255,37.857
"1201",1201,204.252,33.461,228.12,36.626
"1202",1202,222.608,34.42,129.431,38.511
"1203",1203,270.28,33.633,171.578,38.736
"1204",1204,148.716,41.248,181.472,41.45
"1205",1205,201.498,42.828,223.453,48.455
"1206",1206,106.161,28.674,139.964,38.601
"1207",1207,198.8,38.152,96.187,33.656
"1208",1208,127.546,30.34,153.615,39.738
"1209",1209,110.304,32.27,230.328,47.207
"1210",1210,148.047,39.21,188.54,36.749
"1211",1211,236.778,44.41,180.13,42.929
"1212",1212,146.58,42.279,246.659,42.708
"1213",1213,228.092,44.637,159.474,36.682
"1214",1214,249.119,39.534,239.701,39.762
"1215",1215,206.83,35.663,165.894,32.904
"1216",1216,169.947,43.271,133.935,37.59
"1217",1217,159.745,25.993,107.853,23.345
"1218",1218,183.017,39.786,228.796,34.719
"1219",1219,128.203,33.683,231.402,42.183
"1220",1220,240.263,35.997,200.218,44.875
"1221",1221,170.415,36.715,121.673,45.477
"1222",1222,191.04,37.228,123.947,30.447
"1223",1223,153.472,39.981,157.476,37.112
"1224",1224,215.189,46.465,191.222,41.321
"1225",1225,148.246,46.153,118.339,31.365
"1226",1226,209.901,39.864,154.886,37.026
"1227",1227,193.64,44.752,150.801,33.169
"1228",1228,148.919,39.184,250.11,42.168
"1229",1229,157.668,36.602,205.905,43.233
"1230",1230,168.181,32.543,118.621,34.24
"1231",1231,147.251,42.769,210.353,34.256
"1232",1232,169.859,33.03,152.094,36.763
"1233",1233,231.288,37.698,171.228,44.314
"1234",1234,165.857,36.705,169.122,40.029
"1235",1235,116.343,30.972,114.379,33.311
"1236",1236,191.418,38.803,145.671,36.992
"1237",1237,236.612,47.417,148.772,36.709
"1238",1238,128.917,37.962,143.391,37.267
"1239",1239,186.486,41.975,167.3,42.655
"1240",1240,195.46,40.693,95.012,42.525
"1241",1241,205.369,41.238,149.723,35.487
"1242",1242,142.54,37.806,161.22,39.944
"1243",1243,181.58,39.553,88.02,33.911
"1244",1244,214.736,41.471,183.327,33.758
"1245",1245,227.422,28.881,133.641,36.708
"1246",1246,203.145,38.594,216.233,41.808
"1247",1247,183.588,40.015,183.827,35.765
"1248",1248,241.535,42.315,148.915,39.557
"1249",1249,155.207,36.673,150.499,29.95
"1250",1250,167.444,37.687,129.518,32.397
"1251",1251,243.395,41.897,214.578,47.61
"1252",1252,91.419,30.145,244.376,38.142
"1253",1253,82.31,18.118,130.269,22.471
"1254",1254,152.587,38.659,158.658,33.062
"1255",1255,257.096,40.983,171.783,32.621
"1256",1256,230.457,38.579,193.235,44.19
"1257",1257,104.944,22.3,135.813,23.441
"1258",1258,186.426,38.966,173.563,42.204
"1259",1259,124.349,40.285,167.224,38.287
"1260",1260,144.072,41.122,159.481,37.27
"1261",1261,139.591,39.119,205.575,43.224
"1262",1262,141.484,46.69,131.641,33.948
"1263",1263,156.236,40.978,138.17,39.554
"1264",1264,244.361,38.096,201.61,38.661
"1265",1265,152.334,32.54,261.567,37.447
"1266",1266,167.801,44.429,175.973,43.236
"1267",1267,169.789,42.165,206.158,42.022
"1268",1268,189.114,40.537,168.55,40.171
"1269",1269,64.22,6.28,54.459,6.564
"1270",1270,146.942,39.74,217.987,38.816
"1271",1271,221.427,35.465,134.18,40.047
"1272",1272,172.457,41.574,157.169,46.239
"1273",1273,205.306,41.962,239.902,29.362
"1274",1274,171.721,46.892,219.125,37.513
"1275",1275,166.152,43.455,192.8,44.653
"1276",1276,201.902,42.898,122.137,32.066
"1277",1277,46.496,12.576,92.93,14.842
"1278",1278,211.573,40.27,176.952,41.779
"1279",1279,158.183,43.384,137.217,31.59
"1280",1280,191.075,38.959,203.557,45.382
"1281",1281,143.249,37.153,100.36,31.323
"1282",1282,164.556,44.638,220.483,41.93
"1283",1283,146.154,35.94,175.294,41.647
"1284",1284,131.95,33.253,137.334,28.182
"1285",1285,156.646,43.387,155.98,35.532
"1286",1286,175.721,42.017,215.713,41.543
"1287",1287,129.256,48.598,182.651,33.704
"1288",1288,179.24,34.308,112.341,36.245
"1289",1289,36.545,0,30.074,4.094
"1290",1290,222.74,37.105,100.692,29.618
"1291",1291,211.748,39.169,254.445,34.672
"1292",1292,137.079,39.17,185.591,42.562
"1293",1293,180.781,37.302,209.254,42.581
"1294",1294,232.041,42.848,235.034,40.294
"1295",1295,166.329,41.072,162.098,34.349
"1296",1296,129.018,39.73,151.885,38.815
"1297",1297,136.972,40.86,147.428,35.6
"1298",1298,302.598,32.315,196.373,47.888
"1299",1299,174.731,35.659,130.176,44.215
"1300",1300,141.463,27.45,102.183,24.43
"1301",1301,148.039,43.156,183.473,34.756
"1302",1302,131.723,32.888,206.978,41.298
"1303",1303,117.481,25.598,156.812,33.491
"1304",1304,151.344,41.895,146.263,39.532
"1305",1305,186.121,38.367,216.475,41.374
"1306",1306,173.032,41.296,125.994,27.353
"1307",1307,156.458,35.988,140.736,32.721
"1308",1308,235.932,41.716,202.211,48.309
"1309",1309,96.229,5.864,77.356,12.394
"1310",1310,121.976,32.74,162.89,34.543
"1311",1311,130.45,43.093,176.769,42.422
"1312",1312,180.633,45.263,240.774,46.815
"1313",1313,168.188,39.624,179.324,41.095
"1314",1314,189.958,44.161,168.828,46.492
"1315",1315,237.928,39.97,164.445,32.539
"1316",1316,238.681,42.32,204.542,31.882
"1317",1317,122.104,33.175,103.908,41.396
"1318",1318,159.004,38.898,187.167,49.436
"1319",1319,160.864,39.997,156.89,40.848
"1320",1320,219.534,46.056,165.011,39.332
"1321",1321,176.543,44.148,196.154,35.273
"1322",1322,112.886,35.316,163.119,43.097
"1323",1323,217.294,41.961,215.872,37.049
"1324",1324,187.432,45.082,216.75,37.542
"1325",1325,231.06,43.242,137.976,38.445
"1326",1326,110.622,36.109,99.086,34.113
"1327",1327,91.348,33.845,214.379,36.76
"1328",1328,148.722,38.746,235.42,42.924
"1329",1329,161.698,37.075,172.832,37.426
"1330",1330,193.282,44.791,195.536,46.724
"1331",1331,189.064,40.904,276.829,41.375
"1332",1332,155.576,42.543,137.521,34.255
"1333",1333,136.372,23.073,78.435,20.216
"1334",1334,186.428,47.682,145.615,38.81
"1335",1335,95.94,29.028,173.973,44.395
"1336",1336,132.464,44.955,129.216,35.418
"1337",1337,119.238,34.994,191.516,41.461
"1338",1338,214.881,39.866,142.873,33.012
"1339",1339,186.595,47.456,196.491,34.219
"1340",1340,196.698,44.921,171.112,49.985
"1341",1341,155.203,45.459,174.166,38.135
"1342",1342,181.868,31.547,148.102,39.805
"1343",1343,167.922,23.938,167.111,28.518
"1344",1344,197.23,42.812,198.021,41.079
"1345",1345,156.966,43.593,223.284,40.098
"1346",1346,191.647,47.25,174.621,31.336
"1347",1347,162.913,48.929,199.154,35.54
"1348",1348,242.272,39.589,149.67,40.448
"1349",1349,184.819,43.803,186.798,24.81
"1350",1350,212.916,42.187,186.411,45.947
"1351",1351,173.168,36.263,162.385,43.92
"1352",1352,194.104,48.846,176.701,42.824
"1353",1353,143.961,28.227,147.032,36.461
"1354",1354,124.704,32.457,167.481,39.236
"1355",1355,259.122,44.096,166.547,34.051
"1356",1356,151.914,31.976,220.557,37.11
"1357",1357,130.584,26.71,103.102,22.882
"1358",1358,100.815,28.396,189.622,39.385
"1359",1359,163.681,43.327,208.984,42.854
"1360",1360,197.944,51.669,161.546,46.241
"1361",1361,167.413,28.134,132.251,29.786
"1362",1362,139.326,30.923,120.313,34.803
"1363",1363,139.746,24.595,113.819,23.078
"1364",1364,158.532,36.944,210.011,39.799
"1365",1365,153.79,37.477,149.479,39.426
"1366",1366,243.901,38.23,153.091,43.288
"1367",1367,123.574,42.569,270.741,34.008
"1368",1368,230.717,42.084,183.333,37.437
"1369",1369,120.139,24.544,94.832,21.284
"1370",1370,187.977,40.952,157.986,41.651
"1371",1371,152.093,45.815,132.228,41.881
"1372",1372,132.607,34.581,136.394,38.486
"1373",1373,198.232,45.44,143.956,46.66
"1374",1374,107.776,40.878,224.516,44.894
"1375",1375,190.312,38.71,159.95,42.51
"1376",1376,151.708,39.882,241.026,42.534
"1377",1377,174.242,40.379,219.506,38.624
"1378",1378,143.659,37.262,128.822,40.604
"1379",1379,154.221,28.094,111.71,21.859
"1380",1380,192.478,37.725,102.416,24.097
"1381",1381,196.5,44.547,222.836,37.919
"1382",1382,153.409,44.981,192.606,44.016
"1383",1383,154.297,37.952,254.12,36.531
"1384",1384,166.429,39.513,100.847,33.354
"1385",1385,116.623,32.009,120.925,30.98
"1386",1386,232.536,42.044,171.901,35.978
"1387",1387,150.711,30.21,188.933,33.703
"1388",1388,15.921,1.576,17.169,0.995
"1389",1389,136.711,25.577,128.913,35.915
"1390",1390,113.339,30.731,143.515,32.349
"1391",1391,120.198,41.351,238.824,38.052
"1392",1392,196.423,28.209,181.363,46.712
"1393",1393,180.729,46.048,88.737,31.355
"1394",1394,208.615,43.189,236.697,39.175
"1395",1395,186.432,46.036,173.865,41.497
"1396",1396,155.402,36.675,186.968,42.107
"1397",1397,111.64,20.958,90.644,15.979
"1398",1398,155.473,44.9,171.475,29.334
"1399",1399,101.215,33.641,123.615,38.443
"1400",1400,117.912,16.69,90.301,17.274
"1401",1401,177.535,48.858,108.337,31.939
"1402",1402,181.299,47.171,123.118,35.286
"1403",1403,111.272,40.694,256.562,35.679
"1404",1404,174.135,40.348,227.834,40.467
"1405",1405,121.779,39.224,204.571,43.54
"1406",1406,133.885,39.169,161.557,43.14
"1407",1407,187.662,42.919,245.46,46.83
"1408",1408,201.461,44.076,172.936,38.573
"1409",1409,210.566,37.122,197.958,35.686
"1410",1410,176.546,49.062,240.601,43.375
"1411",1411,99.366,29.889,141.709,30.707
"1412",1412,151.648,37.455,180.755,46.179
"1413",1413,120.338,22.92,179.475,20.025
"1414",1414,146.272,35.979,205.342,41.715
"1415",1415,207.866,41.065,149.72,46.976
"1416",1416,86.428,35.548,159.89,46.505
"1417",1417,125.989,41.538,201.619,46.126
"1418",1418,5.214,0,4.785,0.407
"1419",1419,165.168,41.563,190.49,36.436
"1420",1420,138.256,38.868,187.083,45.839
"1421",1421,136.949,43.348,160.184,31.15
"1422",1422,123.728,24.581,133.776,32.117
"1423",1423,131.735,40.69,151.443,34.022
"1424",1424,307.902,20.331,199.715,44.491
"1425",1425,79.243,33.619,189.864,42.085
"1426",1426,164.153,40.524,145.377,40.326
"1427",1427,166.526,40.817,160.795,47.066
"1428",1428,148.413,39.196,118.155,30.308
"1429",1429,118.095,31.316,81.619,27.007
"1430",1430,211.622,44.123,141.811,41.516
"1431",1431,164.14,26.464,84.729,24.856
"1432",1432,225.324,38.806,160.38,43.86
"1433",1433,170.08,39.284,255.365,40.869
"1434",1434,191.858,37.308,200.156,35.615
"1435",1435,185.075,34.077,177.784,42.825
"1436",1436,99.453,32.82,192.82,32.641
"1437",1437,184.013,39.544,135.806,31.845
"1438",1438,172.857,47.536,241.957,43.021
"1439",1439,203.544,38.739,154.675,38.396
"1440",1440,148.588,35.203,261.369,40.996
"1441",1441,92.254,20.958,82.432,17.918
"1442",1442,89.626,22.963,99.618,22.759
"1443",1443,186.148,30.582,123.683,38.856
"1444",1444,227.896,41.688,119.573,38.505
"1445",1445,148.082,30.665,111.128,24.476
"1446",1446,136.891,41.416,153.254,44.463
"1447",1447,177.143,34.057,163.898,33.255
"1448",1448,105.945,33.929,133.634,30.24
"1449",1449,174.495,35.025,137.912,29.105
"1450",1450,124.082,40.157,178.794,38.594
"1451",1451,149.516,41.533,200.711,37.414
"1452",1452,181.406,45.236,249.146,34.823
"1453",1453,150.929,38.489,143.187,37.649
"1454",1454,179.04,48.488,188.196,39.148
"1455",1455,226.324,42.539,206.605,35.501
"1456",1456,181.211,40.948,186.869,42.134
"1457",1457,111.81,17.312,51.846,16.162
"1458",1458,247.77,34.985,185.844,35.231
"1459",1459,86.484,17.687,66.827,15.042
"1460",1460,144.25,39.774,177.588,41.76
"1461",1461,184.45,40.694,157.953,41.11
"1462",1462,194.158,40.151,221.647,36.352
"1463",1463,141.136,38.07,189.603,37.369
"1464",1464,170.807,42.616,216.126,44.344
"1465",1465,96.435,23.211,82.645,18.534
"1466",1466,122.154,36.646,162.497,31.774
"1467",1467,65.204,17.435,72.551,21.207
"1468",1468,213.263,47.213,167.784,41.284
"1469",1469,178.991,29.726,142.642,26.381
"1470",1470,191.87,38.222,167.072,38.426
"1471",1471,145.569,45.771,105.825,31.823
"1472",1472,143.082,22.012,84.432,22.845
"1473",1473,230.451,33.413,183.804,39.097
"1474",1474,255.143,36.033,141.325,42.532
"1475",1475,212.368,34.698,229.15,38.048
"1476",1476,196.247,39.77,157.763,44.414
"1477",1477,120.041,30.763,152.831,49.479
"1478",1478,199.274,39.355,87.37,33.316
"1479",1479,134.664,22.195,187.151,29.656
"1480",1480,157.681,47.443,171.071,35.416
"1481",1481,190.933,45.363,109.315,35.181
"1482",1482,181.723,40.855,145.448,30.652
"1483",1483,107.061,32.179,143.454,36.677
"1484",1484,229.029,38.433,213.394,43.281
"1485",1485,167.19,36.853,147.853,34.309
"1486",1486,227.774,44.433,190.052,43.217
"1487",1487,150.536,27.66,116.411,18.959
"1488",1488,206.787,45.03,170.198,41.91
"1489",1489,158.167,38.218,188.671,45.938
"1490",1490,118.136,16.968,78.445,22.444
"1491",1491,116.695,33.81,173.435,38.637
"1492",1492,119.511,36.549,213.251,49.689
"1493",1493,169.206,39.758,164.694,33.186
"1494",1494,191.891,41.429,153.349,39.079
"1495",1495,132.902,33.743,194.991,35.513
"1496",1496,189.989,35.943,160.549,41.791
"1497",1497,168.269,35.741,219.361,34.853
"1498",1498,167.086,42.692,220.17,39.14
"1499",1499,121.66,22.732,100.584,23.912
"1500",1500,160.639,36.389,163.374,47.955
"1501",1501,124.065,36.91,121.965,41.477
"1502",1502,133.705,31.068,143.226,38.079
"1503",1503,181.074,35.303,184.025,40.633
"1504",1504,160.789,32.5,189.061,36.169
"1505",1505,113.137,41.756,148.124,32.969
"1506",1506,102.284,33.7,215.982,49.321
"1507",1507,167.337,39.874,147.029,38.989
"1508",1508,158.074,42.247,116.107,33.189
"1509",1509,136.414,40.087,242.551,38.846
"1510",1510,145.728,23.505,146.929,21.095
"1511",1511,151.679,46.386,183.48,45.744
"1512",1512,125.002,36.353,151.703,30.657
"1513",1513,121.008,31.216,172.956,42.109
"1514",1514,150.36,42.632,170.486,39.41
"1515",1515,166.926,36.801,242.543,35.789
"1516",1516,164.609,28.074,106.538,32.615
"1517",1517,171.189,42.553,175.954,49.349
"1518",1518,205.007,28.636,147.797,48.659
"1519",1519,180.659,36.52,227.747,27.847
"1520",1520,214.992,48.637,173.872,42.884
"1521",1521,112.325,23.986,150.704,26.264
"1522",1522,143.155,46.235,249.143,38.776
"1523",1523,138.277,40.263,132.753,42.38
"1524",1524,227.91,37.286,138.426,32.212
"1525",1525,183.8,44.399,116.052,36.308
"1526",1526,160.551,19.889,102.953,21.113
"1527",1527,169.191,28.605,118.95,30.911
"1528",1528,180.66,40.301,99.817,35.371
"1529",1529,116.029,32.641,174.87,33.397
"1530",1530,186.263,40.52,92.503,36.801
"1531",1531,172.111,46.959,143.103,36.368
"1532",1532,194.017,37.713,119.934,40.954
"1533",1533,144.805,31.297,150.024,41.465
"1534",1534,152.567,39.023,175.031,41.193
"1535",1535,155.629,38.053,117.276,36.813
"1536",1536,239.554,33.3,143.124,37.253
"1537",1537,96.357,32.672,194.416,35.781
"1538",1538,131.411,34.121,136.961,32.042
"1539",1539,193.841,41.705,152.678,44.65
"1540",1540,232.895,41.887,155.445,38.774
"1541",1541,112.949,27.882,171.723,22.662
"1542",1542,171.894,43.711,181.115,34.913
"1543",1543,162.171,40.167,98.703,33.863
"1544",1544,239.865,37.867,186.502,36.104
"1545",1545,171.007,45.172,111.786,39.641
"1546",1546,175.415,39.3,191.898,39.9
"1547",1547,93.518,21.915,127.531,27.511
"1548",1548,146.973,37.67,200.066,45.83
"1549",1549,242.025,38.485,191.006,38.513
"1550",1550,189.297,32.05,211.336,46.041
"1551",1551,121.047,40.243,195.938,40.332
"1552",1552,235.686,38.49,146.208,38.426
"1553",1553,181.768,44.109,136.932,38.853
"1554",1554,186.517,45.349,221.375,33.25
"1555",1555,152.732,44.497,117.034,30.795
"1556",1556,136.447,29.227,153.884,40.697
"1557",1557,133.708,39.839,133.823,39.645
"1558",1558,173.962,42.043,169.084,29.617
"1559",1559,171.529,31.422,161.672,36.164
"1560",1560,141.086,20.582,112.448,24.201
"1561",1561,112.692,38.513,190.007,27.077
"1562",1562,203.092,42.314,100.155,34.601
"1563",1563,169.725,41.006,199.097,36.053
"1564",1564,144.276,45.508,182.569,44.543
"1565",1565,125.272,31.889,161.917,44.357
"1566",1566,230.422,37.064,149.05,40.133
"1567",1567,201.793,47.023,191.196,46.903
"1568",1568,193.124,40.934,199.874,31.52
"1569",1569,124.1,33.403,204.946,43.956
"1570",1570,204.19,31.398,146.927,45.088
"1571",1571,163.214,45.014,187.464,45.488
"1572",1572,207.441,49.253,148.865,36.453
"1573",1573,189.583,46.217,108.935,37.182
"1574",1574,145.983,44.413,168.055,40.739
"1575",1575,186.289,42.612,174.101,50.233
"1576",1576,201.753,44.626,172.136,40.117
"1577",1577,148.796,42.301,246.6,42.169
"1578",1578,170.606,36.036,200.567,39.559
"1579",1579,160.17,43.488,174.206,39.962
"1580",1580,173.119,49.424,147.106,47.808
"1581",1581,130.729,34.454,148.777,39.327
"1582",1582,185.005,40.327,142.05,34.302
"1583",1583,130.343,36.532,208.726,34.02
"1584",1584,161.415,44.145,166.963,35.557
"1585",1585,133.043,29.103,143.579,34.021
"1586",1586,165.758,39.254,197.661,29.005
"1587",1587,202.649,41.358,189.972,40.243
"1588",1588,194.548,40.92,271.583,42.875
"1589",1589,120.851,23.577,83.334,13.039
"1590",1590,114.157,25.159,59.735,20.318
"1591",1591,137.504,31.376,102.083,26.114
"1592",1592,160.203,39.741,226.307,40.228
"1593",1593,168.377,24.819,203.797,29.891
"1594",1594,104.792,18.845,141.405,28.357
"1595",1595,179.606,42.293,97.481,28.963
"1596",1596,103.672,33.361,125.531,24.083
"1597",1597,150.147,39.834,218.327,33.057
"1598",1598,227.341,37.798,205.211,43.726
"1599",1599,195.304,38.385,117.556,29.115
"1600",1600,151.39,37.645,161.268,42.377
"1601",1601,196.529,40.694,128.613,42.063
"1602",1602,144.782,38.898,138.448,28.915
"1603",1603,256.639,34.596,238.498,38.855
"1604",1604,171.445,37.038,99.746,34.956
"1605",1605,108.359,40.622,205.413,42.809
"1606",1606,154.888,39.774,151.98,28.766
"1607",1607,151.461,44.587,167.835,37.334
"1608",1608,152.815,26.455,99.641,24.085
"1609",1609,134.3,47.512,194.379,41.937
"1610",1610,123.875,40.803,183.008,36.551
"1611",1611,181.118,37.437,190.622,42.758
"1612",1612,118.627,27.549,111.325,26.713
"1613",1613,89.617,31.477,190.66,46.562
"1614",1614,209.02,42.991,157.204,39.935
"1615",1615,192.878,42.986,131.52,28.651
"1616",1616,94.819,30.593,177.399,42.269
"1617",1617,162.111,43.184,175.089,41.112
"1618",1618,177.782,44.986,100.678,36.586
"1619",1619,258.653,35.729,136.613,31.661
"1620",1620,186.635,47.396,146.758,33.836
"1621",1621,154.115,45.79,238.095,42.571
"1622",1622,140.442,44.028,129.1,32.261
"1623",1623,172.609,50.069,161.223,38.204
"1624",1624,144.363,45.932,180.324,46.049
"1625",1625,234.828,44.307,230.139,37.675
"1626",1626,165.208,50.802,170.569,44.91
"1627",1627,141.045,43.575,240.751,44.091
"1628",1628,130.588,38.026,164.2,41.889
"1629",1629,142.504,42.256,158.228,40.56
"1630",1630,163.057,43.406,132.329,34.361
"1631",1631,197.699,40.227,195.867,39.62
"1632",1632,220.93,44.899,209.252,38.888
"1633",1633,211.649,47.905,230.644,38.578
"1634",1634,192.069,41.688,190.791,45.819
"1635",1635,250.744,31.442,187.081,35.859
"1636",1636,139.154,46.944,243.462,29.373
"1637",1637,171.714,36.311,202.971,42.181
"1638",1638,201.749,35.126,143.163,34.457
"1639",1639,89.134,28.898,195.411,40.466
"1640",1640,123.91,39.63,179.304,38.152
"1641",1641,197.715,31.967,102.642,34.19
"1642",1642,156.9,40.448,109.82,31.585
"1643",1643,198.649,43.681,160.067,44.896
"1644",1644,146.445,39.221,99.11,30.716
"1645",1645,178.322,36.992,113.44,33.91
"1646",1646,123.911,33.574,232.928,37.838
"1647",1647,119.978,38.436,171.652,45.846
"1648",1648,121.638,34.33,214.12,37.393
"1649",1649,148.726,40.767,199.421,45.475
"1650",1650,234.434,36.459,176.461,36.451
"1651",1651,191.032,44.646,230.484,39.636
"1652",1652,149.599,34.63,143.63,39.709
"1653",1653,154.059,48.8,273.402,39.672
"1654",1654,144.862,39.752,165.988,43.724
"1655",1655,33.165,2.063,31.842,3.263
"1656",1656,129.453,34.338,161.082,38.154
"1657",1657,161.229,43.221,171.907,40.817
"1658",1658,122.773,34.753,171.139,34.737
"1659",1659,135.107,33.731,152.817,38.165
"1660",1660,197.611,37.137,107.81,32.166
"1661",1661,49.252,6.49,60.11,1.903
"1662",1662,235.112,46.216,176.781,47.165
"1663",1663,196.913,39.497,166.495,34.567
"1664",1664,244.996,30.331,160.546,40.864
"1665",1665,185.751,46.482,87.618,31.584
"1666",1666,175.964,45.627,197.915,38.522
"1667",1667,152.283,40.154,127.65,35.538
"1668",1668,98.379,22.143,108.151,20.598
"1669",1669,120.785,27.424,116.959,28.165
"1670",1670,125.066,31.351,249.755,34.758
"1671",1671,180.531,41.438,165.239,31.3
"1672",1672,163.744,40.213,199.494,36.57
"1673",1673,129.218,31.959,163.877,14.794
"1674",1674,150.945,37.293,185.687,40.543
"1675",1675,220.2,41.687,186.149,45.315
"1676",1676,170.934,36.974,186.74,47.371
"1677",1677,171.581,46.214,198.45,43.342
"1678",1678,143.872,40.393,171.082,47.472
"1679",1679,115.965,25.365,168.533,37.169
"1680",1680,242.936,44.615,138.366,42.379
"1681",1681,179.634,42.906,161.193,34.011
"1682",1682,191.662,39.779,165.728,47.606
"1683",1683,177.799,40.733,206.078,36.442
"1684",1684,167.96,48.753,223.756,43.901
"1685",1685,107.8,34.01,178.511,47.258
"1686",1686,140.106,41.49,168.185,42.212
"1687",1687,179.209,47.714,192.814,34.575
"1688",1688,133.221,38.34,164.84,33.754
"1689",1689,208.452,48.576,143.7,42.041
"1690",1690,173.161,46.459,181.638,47.481
"1691",1691,191.413,40.428,185.074,46.407
"1692",1692,186.625,46.224,197.214,43.73
"1693",1693,241.173,36.418,129.431,39.131
"1694",1694,158.947,44.278,125.832,39.712
"1695",1695,169.706,40.896,119.792,31.585
"1696",1696,175.358,40.42,111.727,35.91
"1697",1697,170.332,18.499,129.802,23.609
"1698",1698,205.501,41.095,153.964,39.742
"1699",1699,157.545,33.156,257.167,39.981
"1700",1700,166.123,41.111,131.813,41.227
"1701",1701,104.059,34.459,143.435,41.515
"1702",1702,169.212,41.903,160.492,44.136
"1703",1703,170.505,40.589,258.879,36.378
"1704",1704,200.699,45.705,149.928,39.589
"1705",1705,209.558,48.784,181.528,40.372
"1706",1706,164.035,25.132,94.994,28.883
"1707",1707,147.848,40.884,131.475,33.7
"1708",1708,141.256,34.795,92.718,22.387
"1709",1709,109.121,32.293,187.195,40.863
"1710",1710,150.9,34.848,223.525,50.224
"1711",1711,121.435,36.818,108.336,36.253
"1712",1712,161.456,37.71,234.416,37.132
"1713",1713,159.84,37.725,191.826,35.601
"1714",1714,180.921,38.614,257.029,37.484
"1715",1715,214.145,40.543,158.137,37.041
"1716",1716,155.732,37.761,137.184,27.748
"1717",1717,201.615,37.297,144.085,42.677
"1718",1718,167.524,34.198,157.023,42.375
"1719",1719,224.595,38.023,177.275,48.311
"1720",1720,184.325,37.56,163.019,32.877
"1721",1721,181.478,35.654,186.449,47.582
"1722",1722,183.154,46.835,170.512,44.846
"1723",1723,148.21,36.609,166.86,38.809
"1724",1724,160.558,35.889,139.166,39.263
"1725",1725,120.825,32.065,132.811,26.126
"1726",1726,159.957,47.496,218.456,41.235
"1727",1727,246.097,41.886,197,35.826
"1728",1728,145.126,40.886,168.502,40.476
"1729",1729,164.375,36.95,190.657,34.114
"1730",1730,161.513,42.441,165.652,38.804
"1731",1731,146.041,29.576,74.847,28.014
"1732",1732,178.893,46.777,171.862,47.702
"1733",1733,119.025,33.543,144.22,37.362
"1734",1734,245.694,42.528,220.951,39.494
"1735",1735,102.577,43,176.095,38.867
"1736",1736,137.181,32.665,150.792,36.503
"1737",1737,92.842,16.097,111.266,26.42
"1738",1738,209.154,46.623,184.335,45.731
"1739",1739,189.201,34.506,170.531,41.847
"1740",1740,167.571,37.512,131.399,42.89
"1741",1741,160.666,34.666,138.872,30.002
"1742",1742,218.741,48.533,199.651,38.944
"1743",1743,138.277,33.895,108.258,26.65
"1744",1744,178.291,47.566,203.222,37.445
"1745",1745,150.962,44.368,138.04,42.486
"1746",1746,149.717,39.031,195.167,39.025
"1747",1747,219.65,42.371,91.943,31.463
"1748",1748,131.988,40.73,108.9,34.56
"1749",1749,176.25,43.987,150.135,35.576
"1750",1750,183.66,45.741,231.813,30.065
"1751",1751,198.519,43.427,208.976,40.508
"1752",1752,135.814,39.159,213.528,39.179
"1753",1753,209.984,39.387,216.969,36.868
"1754",1754,123.148,36.451,166.463,38.242
"1755",1755,225.196,38.403,192.782,43.161
"1756",1756,224.748,37.212,137.744,27.985
"1757",1757,84.933,32.186,191.804,37.325
"1758",1758,199.967,35.486,115.218,32.869
"1759",1759,158.272,41.658,209.985,43.542
"1760",1760,164.118,38.362,186.951,41.511
"1761",1761,163.495,34.642,139.724,38.676
"1762",1762,185.648,36.253,178.068,44.337
"1763",1763,119.804,34.702,172.241,37.962
"1764",1764,229.81,43.058,197.711,44.41
"1765",1765,201.816,38.964,132.589,29.113
"1766",1766,9.315,0.78,9.882,0.556
"1767",1767,185.354,45.407,91.38,32.614
"1768",1768,125.719,48.82,102.002,35.724
"1769",1769,227.556,44.924,189.316,42.946
"1770",1770,183.521,43.707,234.128,44.927
"1771",1771,139.304,30.121,99.967,33.522
"1772",1772,163.855,43.051,160.994,43.856
"1773",1773,134.185,30.487,190.092,41.205
"1774",1774,173.183,44.018,171.177,34.61
"1775",1775,147.566,46.917,141.365,34.381
"1776",1776,209.084,34.205,179.605,48.231
"1777",1777,211.112,44.497,161.819,39.075
"1778",1778,194.748,45.647,177.411,39.792
"1779",1779,203.997,45.263,191.377,45.928
"1780",1780,192.602,44.946,179.267,40.187
"1781",1781,108.618,26.032,154.507,24.323
"1782",1782,191.79,42.295,145.186,44.272
"1783",1783,215.171,38.45,146.898,38.437
"1784",1784,88.483,32.079,200.7,44.424
"1785",1785,166.237,33.749,201.196,43.947
"1786",1786,126.08,38.942,146.049,40.359
"1787",1787,169.619,29.863,202.91,46.318
"1788",1788,191.169,43.127,153.247,43.239
"1789",1789,106.969,31.321,165.009,31.04
"1790",1790,108.347,36.742,99.511,29.291
"1791",1791,150.353,42.624,203.821,43.178
"1792",1792,68.917,16.238,118.982,17.03
"1793",1793,149.248,30.478,118.377,29.209
"1794",1794,166.194,38.905,187.404,46.884
"1795",1795,127.438,29.715,92.039,26.098
"1796",1796,169.941,47.698,122.504,35.665
"1797",1797,166.537,41.375,148.552,35.852
"1798",1798,169.926,40.948,181.374,48.899
"1799",1799,276.066,35.135,170.074,35.64
"1800",1800,102.581,32.492,176.414,41.063
"1801",1801,150.08,38.487,121.194,28.083
"1802",1802,166.22,32.983,129.327,39.017
"1803",1803,133.32,39.741,239.983,32.674
"1804",1804,140.051,39.253,155.052,44.545
"1805",1805,144.972,39.934,117.769,37.371
"1806",1806,181.395,41.851,179.052,52.342
"1807",1807,213.767,45.991,180.567,41.521
"1808",1808,155.339,44.129,158.379,36.665
"1809",1809,187.557,44.105,157.646,36.127
"1810",1810,168.384,36.112,150.644,42.349
"1811",1811,200.551,47.334,241.048,41.674
"1812",1812,188.945,35.142,172.802,46.314
"1813",1813,169.805,35.976,184.627,40.018
"1814",1814,178.024,45.602,157.345,45.492
"1815",1815,110.619,30.414,126.439,45.457
"1816",1816,94.517,30.861,127.695,34.791
"1817",1817,163.356,48.983,133.564,42.997
"1818",1818,162.785,38.277,124.105,42.868
"1819",1819,179.1,36.557,173.345,42.623
"1820",1820,168.734,40.335,215.152,32.153
"1821",1821,148.945,36.788,134.938,36.284
"1822",1822,144.436,46.838,114.801,34.916
"1823",1823,161.039,26.242,88.73,20.208
"1824",1824,201.624,41.158,152.71,29.813
"1825",1825,184.026,45.124,139.419,36.439
"1826",1826,234.286,40.709,197.785,43.219
"1827",1827,174.005,17.268,192.288,32.856
"1828",1828,203.482,43.81,215.987,37.666
"1829",1829,193.264,48.157,192.433,41.065
"1830",1830,152.797,42.96,208.959,41.559
"1831",1831,160.354,24.642,89.745,20.766
"1832",1832,140.746,42.563,160.157,38.244
"1833",1833,184.652,39.875,153.073,40.585
"1834",1834,157.14,45.176,266.656,39.707
"1835",1835,200.093,31.729,177.703,30.81
"1836",1836,202.764,45.323,167.502,37.209
"1837",1837,183.233,40.733,179.425,36.77
"1838",1838,195.184,46.44,208.081,45.165
"1839",1839,192.77,36.776,168.602,38.262
"1840",1840,137.381,39.117,198.613,41.824
"1841",1841,189.053,31.853,183.451,32.223
"1842",1842,85.812,13.835,56.621,13.971
"1843",1843,161.158,46.822,150.344,32.329
"1844",1844,170.693,45.641,263.415,36.257
"1845",1845,183.615,43.269,155.082,30.727
"1846",1846,195.425,42.812,175.455,45.153
"1847",1847,84.685,23.315,93.111,23.584
"1848",1848,234.533,39.871,150.888,38.523
"1849",1849,86.604,13.92,90.314,12.985
"1850",1850,193.726,39.562,173.695,45.58
"1851",1851,199.871,42.178,113.188,34.676
"1852",1852,157.456,32.78,105.841,27.203
"1853",1853,189.738,46.156,192.044,45.586
"1854",1854,229.422,43.753,205.144,50.13
"1855",1855,153.213,37.064,174.714,48.662
"1856",1856,128.788,15.152,89.597,18.652
"1857",1857,120.378,35.91,136.192,38.746
"1858",1858,130.855,32.726,180.37,39.753
"1859",1859,220.9,45.621,128.586,32.481
"1860",1860,189.18,40.622,166.225,43.565
"1861",1861,217.987,38.815,189.776,52.075
"1862",1862,187.673,43.727,211.769,46.902
"1863",1863,167.8,42.53,116.032,42.39
"1864",1864,77.77,9.355,73.385,9.705
"1865",1865,120.559,31.411,148.57,34.925
"1866",1866,226.224,43.757,193.418,45.986
"1867",1867,124.265,38.903,173.177,46.187
"1868",1868,215.066,32.447,135.373,35.283
"1869",1869,120.997,30.588,153.393,44.41
"1870",1870,190.037,38.614,188.636,38.688
"1871",1871,129.453,37.013,135.25,40.679
"1872",1872,187.999,32.506,197.538,42.453
"1873",1873,183.589,36.416,194.306,42.644
"1874",1874,160.953,43.23,227.606,40.824
"1875",1875,148.997,31.868,162.79,31.641
"1876",1876,119.391,34.587,102.82,35.675
"1877",1877,189.583,49.498,199.004,43.229
"1878",1878,125.99,36.719,120.766,34.178
"1879",1879,185.701,45.383,124.712,41.255
"1880",1880,194.686,48.021,153.194,39.857
"1881",1881,144.086,37.951,116.234,29.89
"1882",1882,132.575,21.952,122.871,29.504
"1883",1883,154.024,29.12,131.049,22.935
"1884",1884,240.521,45.121,164.363,38.249
"1885",1885,67.299,18.094,81.213,20.835
"1886",1886,151.166,35.417,153.819,42.145
"1887",1887,168.71,32.531,139.484,46.81
"1888",1888,181.882,44.701,193.977,44.656
"1889",1889,169.099,35.716,172.263,43.957
"1890",1890,86.23,23.352,169.318,25.307
"1891",1891,150.262,40.146,214.149,37.716
"1892",1892,137.849,32.973,79.754,30.968
"1893",1893,196.938,43.057,221.539,38.884
"1894",1894,180.355,30.628,147.393,29.111
"1895",1895,151.86,39.519,125.697,34.22
"1896",1896,107.337,33.742,193.239,42.822
"1897",1897,140.952,44.641,108.902,41.468
"1898",1898,128.434,46.986,177.006,42.108
"1899",1899,161.554,31.624,153.559,36.37
"1900",1900,149.957,43.85,158.361,43.35
"1901",1901,246.696,47.784,179.16,39.875
"1902",1902,133.562,41.909,203.727,36.984
"1903",1903,93.941,31.816,164.701,45.423
"1904",1904,180.564,36.704,215.192,39.942
"1905",1905,123.383,22.456,113.1,19.225
"1906",1906,258.128,48.862,183.506,41.376
"1907",1907,198.357,49.787,174.32,40.683
"1908",1908,143.553,42.763,148.992,42.586
"1909",1909,164.928,40.288,213.724,44.892
"1910",1910,133.268,34.978,174.62,43.911
"1911",1911,197.616,38.129,242.862,41.438
"1912",1912,150.544,44.573,142.015,46.014
"1913",1913,184.519,38.295,121.675,37.01
"1914",1914,84.057,34.376,228.333,45.627
"1915",1915,160.702,44.45,194.311,31.83
"1916",1916,171.389,44.192,232.308,36.055
"1917",1917,201.502,35.735,183.827,44.393
"1918",1918,206.664,47.031,162.049,45.549
"1919",1919,176.983,34.051,206.208,46.434
"1920",1920,164.844,38.293,194.771,47.166
"1921",1921,245.052,40.175,144.011,39.019
"1922",1922,193.872,42.531,137.323,40.764
"1923",1923,164.997,38.448,164.741,40.235
"1924",1924,134.428,23.775,136.189,30.474
"1925",1925,195.219,40.854,201.052,38.102
"1926",1926,169.511,38.958,105.811,31.146
"1927",1927,172.162,33.655,140.755,41.073
"1928",1928,187.067,42.551,158.581,44.056
"1929",1929,154.944,28.61,84.309,18.532
"1930",1930,136.167,42.414,188.191,45.983
"1931",1931,165.128,28.662,181.772,29.03
"1932",1932,183.708,35.892,153.957,43.986
"1933",1933,218.531,33.838,192.845,40.585
"1934",1934,158.723,27.872,119.688,26.383
"1935",1935,142.421,46.401,203.42,41.071
"1936",1936,168.93,39.437,175.948,44.972
"1937",1937,150.854,37.187,231.708,35.337
"1938",1938,223.39,43.032,161.344,36.052
"1939",1939,231.98,29.793,199.043,45.69
"1940",1940,209.043,40.209,120.294,31.056
"1941",1941,213.484,46.936,175.483,33.723
"1942",1942,207.571,42.3,150.131,42.53
"1943",1943,98.508,35.242,175.393,43.639
"1944",1944,181.833,27.258,163.364,25.803
"1945",1945,211.573,44.404,130.074,37.74
"1946",1946,166.822,44.617,193.262,44.406
"1947",1947,263.068,42.515,169.168,34.339
"1948",1948,164.568,43.644,153.892,26.115
"1949",1949,102.257,27.386,184.706,28.2
"1950",1950,240.706,42.688,145.921,42.482
"1951",1951,184.578,38.691,175.415,35.998
"1952",1952,208.105,42.522,214.542,47.506
"1953",1953,174.139,39.048,258.308,40.532
"1954",1954,152.926,40.606,149.551,42.399
"1955",1955,235.931,42.205,186.251,46.266
"1956",1956,125,36.662,138.084,38.647
"1957",1957,149.335,37.882,175.852,46.155
"1958",1958,249.371,39.766,144.431,40.866
"1959",1959,149.842,36.843,192.75,46.069
"1960",1960,183.939,45.373,186.047,46.027
"1961",1961,177.01,49.142,148.037,44.564
"1962",1962,152.64,48.052,167.801,42.199
"1963",1963,180.616,46.038,194.198,43.027
"1964",1964,226.427,40.897,130.953,35.023
"1965",1965,145.748,40.088,175.473,43.85
"1966",1966,165.417,27.512,85.253,23.235
"1967",1967,117.37,32.01,170.162,36.33
"1968",1968,199.351,34.629,231.256,39.593
"1969",1969,141.684,33.911,189.036,42.06
"1970",1970,143.539,29.63,100.465,24.633
"1971",1971,191.705,35.586,182.196,36.313
"1972",1972,46.623,8.473,46.929,8.108
"1973",1973,207.568,43.477,164.297,43.358
"1974",1974,145.666,33.925,142.992,37.864
"1975",1975,116.674,36.455,166.042,38.67
"1976",1976,148.915,44.309,197.425,38.837
"1977",1977,210.409,42.49,222.072,35.468
"1978",1978,132.839,30.232,164.822,43.302
"1979",1979,111.894,24.637,156.748,26.457
"1980",1980,150.335,37.21,187.133,42.176
"1981",1981,212.701,42.151,202.453,43.121
"1982",1982,148.831,31.193,121.542,29.295
"1983",1983,188.713,40.542,140.338,44.414
"1984",1984,176.235,38.078,200.953,34.08
"1985",1985,164.04,34.029,195.45,36.861
"1986",1986,120.735,41.274,159.872,37.471
"1987",1987,143.789,32.422,110,33.116
"1988",1988,230.351,40.369,217.885,41.32
"1989",1989,196.863,42.695,134.161,29.72
"1990",1990,185.592,46.266,195.083,39.075
"1991",1991,150.317,42.285,174.076,42.936
"1992",1992,127.199,30.051,171.367,30.053
"1993",1993,198.976,41.282,201.652,51.27
"1994",1994,160.023,37.746,110.602,38.982
"1995",1995,153.192,41.462,95.171,33.862
"1996",1996,229.361,44.42,155.833,44.419
"1997",1997,157.922,44.228,135.087,36.403
"1998",1998,111.896,41.63,164.964,42.21
"1999",1999,288.577,28.38,156.837,43.43
"2000",2000,265.472,39.98,258.308,35.157
